ID,Key,Value
FellesTjeneste_0001,Kilde,https://www.difi.no/fagomrader-og-tjenester/digitalisering-og-samordning/nasjonal-arkitektur/pagaende-arbeid-med-arkitekturlandskap
FellesTjeneste_0002,Kilde,https://www.difi.no/fagomrader-og-tjenester/digitalisering-og-samordning/nasjonal-arkitektur/pagaende-arbeid-med-arkitekturlandskap
FellesTjeneste_0003,Kilde,https://www.difi.no/fagomrader-og-tjenester/digitalisering-og-samordning/nasjonal-arkitektur/pagaende-arbeid-med-arkitekturlandskap
FellesTjeneste_0004,Kilde,https://www.difi.no/fagomrader-og-tjenester/digitalisering-og-samordning/nasjonal-arkitektur/pagaende-arbeid-med-arkitekturlandskap
FellesTjeneste_0005,Kilde,https://www.difi.no/fagomrader-og-tjenester/digitalisering-og-samordning/nasjonal-arkitektur/pagaende-arbeid-med-arkitekturlandskap
FellesTjeneste_0006,Kilde,https://www.difi.no/fagomrader-og-tjenester/digitalisering-og-samordning/nasjonal-arkitektur/pagaende-arbeid-med-arkitekturlandskap
FellesTjeneste_0007,Kilde,https://www.difi.no/fagomrader-og-tjenester/digitalisering-og-samordning/nasjonal-arkitektur/pagaende-arbeid-med-arkitekturlandskap
FellesTjeneste_0008,Kilde,https://www.difi.no/fagomrader-og-tjenester/digitalisering-og-samordning/nasjonal-arkitektur/pagaende-arbeid-med-arkitekturlandskap
FellesTjeneste_0009,Kilde,https://www.difi.no/fagomrader-og-tjenester/digitalisering-og-samordning/nasjonal-arkitektur/pagaende-arbeid-med-arkitekturlandskap
FellesTjeneste_0010,Kilde,https://www.difi.no/fagomrader-og-tjenester/digitalisering-og-samordning/nasjonal-arkitektur/pagaende-arbeid-med-arkitekturlandskap
FellesTjeneste_0011,Kilde,https://www.difi.no/fagomrader-og-tjenester/digitalisering-og-samordning/nasjonal-arkitektur/pagaende-arbeid-med-arkitekturlandskap
FellesTjeneste_0012,Kilde,https://www.difi.no/fagomrader-og-tjenester/digitalisering-og-samordning/nasjonal-arkitektur/pagaende-arbeid-med-arkitekturlandskap
FellesTjeneste_0013,Kilde,https://www.difi.no/fagomrader-og-tjenester/digitalisering-og-samordning/nasjonal-arkitektur/pagaende-arbeid-med-arkitekturlandskap
FellesTjeneste_0014,Kilde,https://www.difi.no/fagomrader-og-tjenester/digitalisering-og-samordning/nasjonal-arkitektur/pagaende-arbeid-med-arkitekturlandskap
FellesTjeneste_0015,Kilde,https://www.difi.no/fagomrader-og-tjenester/digitalisering-og-samordning/nasjonal-arkitektur/pagaende-arbeid-med-arkitekturlandskap
FellesTjeneste_0016,Kilde,https://www.difi.no/fagomrader-og-tjenester/digitalisering-og-samordning/nasjonal-arkitektur/pagaende-arbeid-med-arkitekturlandskap
FellesTjeneste_0017,Kilde,https://www.difi.no/fagomrader-og-tjenester/digitalisering-og-samordning/nasjonal-arkitektur/pagaende-arbeid-med-arkitekturlandskap
FellesTjeneste_0018,Kilde,https://www.difi.no/fagomrader-og-tjenester/digitalisering-og-samordning/nasjonal-arkitektur/pagaende-arbeid-med-arkitekturlandskap
FellesTjeneste_0019,Kilde,https://www.difi.no/fagomrader-og-tjenester/digitalisering-og-samordning/nasjonal-arkitektur/pagaende-arbeid-med-arkitekturlandskap
FellesTjeneste_0020,Kilde,https://www.difi.no/fagomrader-og-tjenester/digitalisering-og-samordning/nasjonal-arkitektur/pagaende-arbeid-med-arkitekturlandskap
FellesTjeneste_0021,Kilde,https://www.difi.no/fagomrader-og-tjenester/digitalisering-og-samordning/nasjonal-arkitektur/pagaende-arbeid-med-arkitekturlandskap
FellesTjeneste_0022,Kilde,https://www.difi.no/fagomrader-og-tjenester/digitalisering-og-samordning/nasjonal-arkitektur/pagaende-arbeid-med-arkitekturlandskap
FellesTjeneste_0023,Kilde,https://www.difi.no/fagomrader-og-tjenester/digitalisering-og-samordning/nasjonal-arkitektur/pagaende-arbeid-med-arkitekturlandskap
FellesTjeneste_0024,Kilde,https://www.difi.no/fagomrader-og-tjenester/digitalisering-og-samordning/nasjonal-arkitektur/pagaende-arbeid-med-arkitekturlandskap
FellesTjeneste_0025,Kilde,https://www.difi.no/fagomrader-og-tjenester/digitalisering-og-samordning/nasjonal-arkitektur/pagaende-arbeid-med-arkitekturlandskap
FellesTjeneste_0026,Kilde,https://www.difi.no/fagomrader-og-tjenester/digitalisering-og-samordning/nasjonal-arkitektur/pagaende-arbeid-med-arkitekturlandskap
FellesTjeneste_0027,Kilde,https://www.difi.no/fagomrader-og-tjenester/digitalisering-og-samordning/nasjonal-arkitektur/pagaende-arbeid-med-arkitekturlandskap
FellesTjeneste_0028,Kilde,https://www.difi.no/fagomrader-og-tjenester/digitalisering-og-samordning/nasjonal-arkitektur/pagaende-arbeid-med-arkitekturlandskap
FellesTjeneste_0029,Kilde,https://www.difi.no/fagomrader-og-tjenester/digitalisering-og-samordning/nasjonal-arkitektur/pagaende-arbeid-med-arkitekturlandskap
FellesTjeneste_0030,Kilde,https://www.difi.no/fagomrader-og-tjenester/digitalisering-og-samordning/nasjonal-arkitektur/pagaende-arbeid-med-arkitekturlandskap
FellesTjeneste_0031,Kilde,https://www.difi.no/fagomrader-og-tjenester/digitalisering-og-samordning/nasjonal-arkitektur/pagaende-arbeid-med-arkitekturlandskap
FellesTjeneste_0032,Kilde,https://www.difi.no/fagomrader-og-tjenester/digitalisering-og-samordning/nasjonal-arkitektur/pagaende-arbeid-med-arkitekturlandskap
FellesTjeneste_0033,Kilde,https://www.difi.no/fagomrader-og-tjenester/digitalisering-og-samordning/nasjonal-arkitektur/pagaende-arbeid-med-arkitekturlandskap
FellesTjeneste_0034,Kilde,https://www.difi.no/fagomrader-og-tjenester/digitalisering-og-samordning/nasjonal-arkitektur/pagaende-arbeid-med-arkitekturlandskap
FellesTjeneste_0035,Kilde,https://www.difi.no/fagomrader-og-tjenester/digitalisering-og-samordning/nasjonal-arkitektur/pagaende-arbeid-med-arkitekturlandskap
FellesTjeneste_0036,Kilde,https://www.difi.no/fagomrader-og-tjenester/digitalisering-og-samordning/nasjonal-arkitektur/pagaende-arbeid-med-arkitekturlandskap
FellesTjeneste_0037,Kilde,https://www.difi.no/fagomrader-og-tjenester/digitalisering-og-samordning/nasjonal-arkitektur/pagaende-arbeid-med-arkitekturlandskap
FellesTjeneste_0038,Kilde,https://www.difi.no/fagomrader-og-tjenester/digitalisering-og-samordning/nasjonal-arkitektur/pagaende-arbeid-med-arkitekturlandskap
FellesTjeneste_0039,Kilde,https://www.difi.no/fagomrader-og-tjenester/digitalisering-og-samordning/nasjonal-arkitektur/pagaende-arbeid-med-arkitekturlandskap
FellesTjeneste_0040,Kilde,https://www.difi.no/fagomrader-og-tjenester/digitalisering-og-samordning/nasjonal-arkitektur/pagaende-arbeid-med-arkitekturlandskap
