ID,Type,Name,Documentation,Source,Target
ComNet0001_SYS_Fag_00001,AssociationRelationship,,,1,1022
ComNet0001_SYS_Fag_00002,AssociationRelationship,,,1,1297
ComNet0001_SYS_Fag_00003,AssociationRelationship,,,1,1299
ComNet0001_SYS_Fag_00005,AssociationRelationship,,,1,1029
ComNet0001_SYS_Fag_00006,AssociationRelationship,,,1,1032
ComNet0001_SYS_Fag_00011,AssociationRelationship,,,1,1050
ComNet0001_SYS_Fag_00012,AssociationRelationship,,,1,1049
ComNet0001_SYS_Fag_00013,AssociationRelationship,,,1,1052
ComNet0001_SYS_Fag_00014,AssociationRelationship,,,1,1053
ComNet0001_SYS_Fag_00021,AssociationRelationship,,,1,1080
ComNet0001_SYS_Fag_00022,AssociationRelationship,,,1,1081
ComNet0001_SYS_Fag_00025,AssociationRelationship,,,1,1093
ComNet0001_SYS_Fag_00026,AssociationRelationship,,,1,1095
ComNet0001_SYS_Fag_00027,AssociationRelationship,,,1,1096
ComNet0001_SYS_Fag_00028,AssociationRelationship,,,1,1099
ComNet0001_SYS_Fag_00030,AssociationRelationship,,,1,1102
ComNet0001_SYS_Fag_00034,AssociationRelationship,,,1,1108
ComNet0001_SYS_Fag_00037,AssociationRelationship,,,1,1115
ComNet0001_SYS_Fag_00038,AssociationRelationship,,,1,1116
ComNet0001_SYS_Fag_00040,AssociationRelationship,,,1,1127
ComNet0001_SYS_Fag_00042,AssociationRelationship,,,1,1133
ComNet0001_SYS_Fag_00043,AssociationRelationship,,,1,1139
ComNet0001_SYS_Fag_00044,AssociationRelationship,,,1,1141
ComNet0001_SYS_Fag_00045,AssociationRelationship,,,1,1143
ComNet0001_SYS_Fag_00047,AssociationRelationship,,,1,1150
ComNet0001_SYS_Fag_00050,AssociationRelationship,,,1,1286
ComNet0001_SYS_Fag_00051,AssociationRelationship,,,1,1285
ComNet0001_SYS_Fag_00052,AssociationRelationship,,,1,1168
ComNet0001_SYS_Fag_00054,AssociationRelationship,,,1,1174
ComNet0001_SYS_Fag_00059,AssociationRelationship,,,1,1140
ComNet0001_SYS_Fag_00060,AssociationRelationship,,,1,1199
ComNet0001_SYS_Fag_00061,AssociationRelationship,,,1,1209
ComNet0001_SYS_Fag_00064,AssociationRelationship,,,1,1212
ComNet0001_SYS_Fag_00066,AssociationRelationship,,,1,1216
ComNet0001_SYS_Fag_00067,AssociationRelationship,,,1,1217
ComNet0001_SYS_Fag_00073,AssociationRelationship,,,1,1225
ComNet0001_SYS_Fag_00078,AssociationRelationship,,,1,1231
ComNet0001_SYS_Fag_00079,AssociationRelationship,,,1,1232
ComNet0001_SYS_Fag_00087,AssociationRelationship,,,1,1249
ComNet0001_SYS_Fag_00088,AssociationRelationship,,,1,1251
ComNet0001_SYS_Fag_00090,AssociationRelationship,,,1,1254
ComNet0001_SYS_Fag_00091,AssociationRelationship,,,1,1255
ComNet0001_SYS_Fag_00093,AssociationRelationship,,,1,1264
ComNet0001_SYS_Fag_00102,AssociationRelationship,,,1,1287
ComNet0001_SYS_Fag_00105,AssociationRelationship,,,1,1305
ComNet0001_SYS_Fag_00106,AssociationRelationship,,,1,1306
ComNet0001_SYS_Fag_00109,AssociationRelationship,,,1,1308
ComNet0001_SYS_Fag_00112,AssociationRelationship,,,1,1322
ComNet0001_SYS_Fag_00113,AssociationRelationship,,,1,1323
ComNet0001_SYS_Fag_00114,AssociationRelationship,,,1,1324
ComNet0001_SYS_Fag_00119,AssociationRelationship,,,1,1045
ComNet0001_SYS_Fag_00122,AssociationRelationship,,,1,1135
ComNet0001_SYS_Fag_00123,AssociationRelationship,,,1,1136
ComNet0001_SYS_Fag_00124,AssociationRelationship,,,1,1234
ComNet0001_SYS_Fag_00125,AssociationRelationship,,,1,1235
ComNet0001_SYS_Fag_00129,AssociationRelationship,,,1,1121
ComNet0001_SYS_Fag_00130,AssociationRelationship,,,1,1281
ComNet0001_SYS_Fag_00131,AssociationRelationship,,,1,1188
ComNet0001_SYS_Fag_00133,AssociationRelationship,,,1,1058
ComNet0001_SYS_Fag_00142,AssociationRelationship,,,1,1175
ComNet0001_SYS_Fag_00143,AssociationRelationship,,,1,1148
ComNet0001_SYS_Fag_00144,AssociationRelationship,,,1,1033
ComNet0001_SYS_Fag_00146,AssociationRelationship,,,1,1123
ComNet0001_SYS_Fag_00153,AssociationRelationship,,,1,1126
ComNet0001_SYS_Fag_00155,AssociationRelationship,,,1,1125
ComNet0001_SYS_Fag_00156,AssociationRelationship,,,1,1124
ComNet0001_SYS_Fag_00158,AssociationRelationship,,,1,1252
ComNet0001_SYS_Fag_00159,AssociationRelationship,,,1,1034
ComNet0001_SYS_Fag_00161,AssociationRelationship,,,1,1067
ComNet0001_SYS_Fag_00163,AssociationRelationship,,,1,1325
ComNet0001_SYS_Fag_00164,AssociationRelationship,,,1,1130
ComNet0001_SYS_Fag_00167,AssociationRelationship,,,1,1173
ComNet0001_SYS_Fag_00170,AssociationRelationship,,,1,1169
ComNet0001_SYS_Fag_00174,AssociationRelationship,,,1,1219
ComNet0001_SYS_Fag_00180,AssociationRelationship,,,1,1062
ComNet0001_SYS_Fag_00184,AssociationRelationship,,,1,1222
ComNet0001_SYS_Fag_00185,AssociationRelationship,,,1,1201
ComNet0001_SYS_Fag_00190,AssociationRelationship,,,1,1202
ComNet0001_SYS_Fag_00222,AssociationRelationship,,,1,1204
ComNet0001_SYS_Fag_00223,AssociationRelationship,,,1,1157
ComNet0001_SYS_Fag_00224,AssociationRelationship,,,1,1196
ComNet0001_SYS_Fag_00225,AssociationRelationship,,,1,1048
ComNet0001_SYS_Fag_00226,AssociationRelationship,,,1,1233
ComNet0001_SYS_Fag_00231,AssociationRelationship,,,1,1159
ComNet0001_SYS_Fag_00234,AssociationRelationship,,,1,1214
ComNet0001_SYS_Fag_00235,AssociationRelationship,,,1,1031
ComNet0001_SYS_Fag_00238,AssociationRelationship,,,1,1090
ComNet0001_SYS_Fag_00239,AssociationRelationship,,,1,1061
ComNet0001_SYS_Fag_00242,AssociationRelationship,,,1,1176
ComNet0001_SYS_Fag_00243,AssociationRelationship,,,1,1060
ComNet0001_SYS_Fag_00245,AssociationRelationship,,,1,1092
ComNet0001_SYS_Fag_00246,AssociationRelationship,,,1,1189
ComNet0001_SYS_Fag_00247,AssociationRelationship,,,1,1313
ComNet0001_SYS_Fag_00248,AssociationRelationship,,,1,1314
ComNet0001_SYS_Fag_00251,AssociationRelationship,,,1,1137
ComNet0001_SYS_Fag_00252,AssociationRelationship,,,1,1134
ComNet0001_SYS_Fag_00260,AssociationRelationship,,,1,1023
ComNet0001_SYS_Fag_00261,AssociationRelationship,,,1,1068
ComNet0001_SYS_Fag_00262,AssociationRelationship,,,1,1039
ComNet0001_SYS_Fag_00264,AssociationRelationship,,,1,1040
ComNet0001_SYS_Fag_00265,AssociationRelationship,,,1,1065
ComNet0001_SYS_Fag_00266,AssociationRelationship,,,1,1063
ComNet0001_SYS_Fag_00267,AssociationRelationship,,,1,1164
ComNet0001_SYS_Fag_00268,AssociationRelationship,,,1,1084
ComNet0001_SYS_Fag_00269,AssociationRelationship,,,1,1088
ComNet0001_SYS_Fag_00272,AssociationRelationship,,,1,1122
ComNet0001_SYS_Fag_00275,AssociationRelationship,,,1,1082
ComNet0001_SYS_Fag_00282,AssociationRelationship,,,1,1282
ComNet0001_SYS_Fag_00284,AssociationRelationship,,,1,1149
ComNet0001_SYS_Fag_00287,AssociationRelationship,,,1,1326
ComNet0001_SYS_Fag_00290,AssociationRelationship,,,1,1020
ComNet0001_SYS_Fag_00292,AssociationRelationship,,,1,1170
ComNet0001_SYS_Fag_00293,AssociationRelationship,,,1,1207
ComNet0001_SYS_Fag_00297,AssociationRelationship,,,1,1161
ComNet0001_SYS_Fag_00298,AssociationRelationship,,,1,1103
ComNet0001_SYS_Fag_00299,AssociationRelationship,,,1,1094
ComNet0001_SYS_Fag_00300,AssociationRelationship,,,1,1145
ComNet0001_SYS_Fag_00303,AssociationRelationship,,,1,1186
ComNet0001_SYS_Fag_00304,AssociationRelationship,,,1,1213
ComNet0001_SYS_Fag_00305,AssociationRelationship,,,1,1183
ComNet0001_SYS_Fag_00307,AssociationRelationship,,,1,1138
ComNet0001_SYS_Fag_00308,AssociationRelationship,,,1,1258
ComNet0001_SYS_Fag_00310,AssociationRelationship,,,1,1290
ComNet0001_SYS_Fag_00312,AssociationRelationship,,,1,1059
ComNet0001_SYS_Fag_00313,AssociationRelationship,,,1,1057
ComNet0001_SYS_Fag_00314,AssociationRelationship,,,1,1162
ComNet0001_SYS_Fag_00315,AssociationRelationship,,,1,1044
ComNet0001_SYS_Fag_00316,AssociationRelationship,,,1,1178
ComNet0001_SYS_Fag_00318,AssociationRelationship,,,1,1181
ComNet0001_SYS_Fag_00319,AssociationRelationship,,,1,1179
ComNet0001_SYS_Fag_00320,AssociationRelationship,,,1,1177
ComNet0001_SYS_Fag_00321,AssociationRelationship,,,1,1191
ComNet0001_SYS_Fag_00324,AssociationRelationship,,,1,1309
ComNet0001_SYS_Fag_00325,AssociationRelationship,,,1,1038
ComNet0001_SYS_Fag_00329,AssociationRelationship,,,1,1184
ComNet0001_SYS_Fag_00330,AssociationRelationship,,,1,1320
ComNet0001_SYS_Fag_00335,AssociationRelationship,,,1,1298
ComNet0001_SYS_Fag_00336,AssociationRelationship,,,1,1263
ComNet0001_SYS_Fag_00337,AssociationRelationship,,,1,1294
ComNet0001_SYS_Fag_00338,AssociationRelationship,,,1,1295
ComNet0001_SYS_Fag_00433,AssociationRelationship,,,1,1218
ComNet0001_SYS_Inf_00001,AssociationRelationship,,,1,1327
ComNet0001_SYS_Inf_00002,AssociationRelationship,,,1,1388
ComNet0001_SYS_Inf_00003,AssociationRelationship,,,1,1415
ComNet0001_SYS_Inf_00005,AssociationRelationship,,,1,1401
ComNet0001_SYS_Inf_00006,AssociationRelationship,,,1,1343
ComNet0001_SYS_Inf_00007,AssociationRelationship,,,1,1380
ComNet0001_SYS_Inf_00008,AssociationRelationship,,,1,1392
ComNet0001_SYS_Inf_00009,AssociationRelationship,,,1,1346
ComNet0001_SYS_Inf_00010,AssociationRelationship,,,1,1349
ComNet0001_SYS_Inf_00011,AssociationRelationship,,,1,1351
ComNet0001_SYS_Inf_00013,AssociationRelationship,,,1,1354
ComNet0001_SYS_Inf_00014,AssociationRelationship,,,1,1358
ComNet0001_SYS_Inf_00015,AssociationRelationship,,,1,1387
ComNet0001_SYS_Inf_00016,AssociationRelationship,,,1,1359
ComNet0001_SYS_Inf_00018,AssociationRelationship,,,1,1374
ComNet0001_SYS_Inf_00019,AssociationRelationship,,,1,1375
ComNet0001_SYS_Inf_00020,AssociationRelationship,,,1,1344
ComNet0001_SYS_Inf_00021,AssociationRelationship,,,1,1393
ComNet0001_SYS_Inf_00022,AssociationRelationship,,,1,1394
ComNet0001_SYS_Inf_00023,AssociationRelationship,,,1,1396
ComNet0001_SYS_Inf_00024,AssociationRelationship,,,1,1398
ComNet0001_SYS_Inf_00027,AssociationRelationship,,,1,1334
ComNet0001_SYS_Inf_00028,AssociationRelationship,,,1,1408
ComNet0001_SYS_Inf_00029,AssociationRelationship,,,1,1402
ComNet0001_SYS_Inf_00031,AssociationRelationship,,,1,1345
ComNet0001_SYS_Inf_00032,AssociationRelationship,,,1,1419
ComNet0001_SYS_Inf_00033,AssociationRelationship,,,1,1428
ComNet0001_SYS_Inf_00034,AssociationRelationship,,,1,1430
ComNet0001_SYS_Inf_00036,AssociationRelationship,,,1,1427
ComNet0001_SYS_Inf_00037,AssociationRelationship,,,1,1420
ComNet0001_SYS_Inf_00038,AssociationRelationship,,,1,1360
ComNet0001_SYS_Inf_00039,AssociationRelationship,,,1,1338
ComNet0001_SYS_Inf_00040,AssociationRelationship,,,1,1397
ComNet0001_SYS_Inf_00041,AssociationRelationship,,,1,1350
ComNet0001_SYS_Inf_00043,AssociationRelationship,,,1,1386
ComNet0001_SYS_Inf_00044,AssociationRelationship,,,1,1416
ComNet0001_SYS_Inf_00045,AssociationRelationship,,,1,1410
ComNet0001_SYS_Inf_00046,AssociationRelationship,,,1,1411
ComNet0001_SYS_Inf_00048,AssociationRelationship,,,1,1384
ComNet0001_SYS_Inf_00049,AssociationRelationship,,,1,1342
ComNet0001_SYS_Inf_00078,AssociationRelationship,,,1,1341
ComNet0001_SYS_Inf_00080,AssociationRelationship,,,1,1356
ComNet0001_SYS_Inf_00081,AssociationRelationship,,,1,1367
ComNet0001_SYS_Inf_00082,AssociationRelationship,,,1,1329
ComNet0001_SYS_Inf_00083,AssociationRelationship,,,1,1366
ComNet0001_SYS_Inf_00084,AssociationRelationship,,,1,1348
ComNet0001_SYS_Inf_00085,AssociationRelationship,,,1,1378
ComNet0001_SYS_Inf_00088,AssociationRelationship,,,1,1381
ComNet0001_SYS_Inf_00090,AssociationRelationship,,,1,1331
ComNet0001_SYS_Inf_00091,AssociationRelationship,,,1,1352
ComNet0001_SYS_Inf_00093,AssociationRelationship,,,1,1424
ComNet0001_SYS_Inf_00094,AssociationRelationship,,,1,1395
ComNet0001_SYS_Inf_00095,AssociationRelationship,,,1,1364
ComNet0001_SYS_Inf_00096,AssociationRelationship,,,1,1382
ComNet0001_SYS_Inf_00099,AssociationRelationship,,,1,1413
ComNet0001_SYS_Inf_00102,AssociationRelationship,,,1,1405
ComNet0001_SYS_Inf_00103,AssociationRelationship,,,1,1355
ComNet0001_SYS_Inf_00107,AssociationRelationship,,,1,1400
ComNet0001_SYS_Inf_00108,AssociationRelationship,,,1,1385
ComNet0001_SYS_Inf_00109,AssociationRelationship,,,1,1429
ComNet0001_SYS_Inf_00114,AssociationRelationship,,,1,1423
ComNet0001_SYS_Inf_00115,AssociationRelationship,,,1,1422
ComNet0001_SYS_Inf_00116,AssociationRelationship,,,1,1379
ComNet0001_SYS_Inf_00117,AssociationRelationship,,,1,1361
ComNet0001_SYS_Inf_00118,AssociationRelationship,,,1,1409
ComNet0001_SYS_Inf_00122,AssociationRelationship,,,1,1418
ComNet0001_SYS_Inf_00123,AssociationRelationship,,,1,1389
ComNet0001_SYS_Inf_00126,AssociationRelationship,,,1,1421
ComNet0001_SYS_Inf_00127,AssociationRelationship,,,1,1365
ComNet0001_SYS_Inf_00128,AssociationRelationship,,,1,1328
ComNet0001_SYS_Inf_00129,AssociationRelationship,,,1,1406
ComNet0001_SYS_Inf_00131,AssociationRelationship,,,1,1336
ComNet0001_SYS_Pro_00002,AssociationRelationship,,,1,1553
ComNet0001_SYS_Pro_00003,AssociationRelationship,,,1,1559
ComNet0001_SYS_Pro_00004,AssociationRelationship,,,1,1562
ComNet0001_SYS_Pro_00007,AssociationRelationship,,,1,1564
ComNet0001_SYS_Pro_00008,AssociationRelationship,,,1,1565
ComNet0001_SYS_Pro_00011,AssociationRelationship,,,1,1572
ComNet0001_SYS_Pro_00012,AssociationRelationship,,,1,1574
ComNet0001_SYS_Pro_00013,AssociationRelationship,,,1,1575
ComNet0001_SYS_Pro_00014,AssociationRelationship,,,1,1576
ComNet0001_SYS_Pro_00017,AssociationRelationship,,,1,1579
ComNet0001_SYS_Pro_00019,AssociationRelationship,,,1,1582
ComNet0001_SYS_Pro_00020,AssociationRelationship,,,1,1583
ComNet0001_SYS_Pro_00021,AssociationRelationship,,,1,1584
ComNet0001_SYS_Pro_00022,AssociationRelationship,,,1,1585
ComNet0001_SYS_Pro_00023,AssociationRelationship,,,1,1588
ComNet0001_SYS_Pro_00024,AssociationRelationship,,,1,1587
ComNet0001_SYS_Pro_00026,AssociationRelationship,,,1,1590
ComNet0001_SYS_Pro_00028,AssociationRelationship,,,1,1595
ComNet0001_SYS_Pro_00029,AssociationRelationship,,,1,1596
ComNet0001_SYS_Pro_00030,AssociationRelationship,,,1,1597
ComNet0001_SYS_Pro_00031,AssociationRelationship,,,1,1599
ComNet0001_SYS_Pro_00032,AssociationRelationship,,,1,1600
ComNet0001_SYS_Pro_00034,AssociationRelationship,,,1,1601
ComNet0001_SYS_Pro_00036,AssociationRelationship,,,1,1602
ComNet0001_SYS_Pro_00037,AssociationRelationship,,,1,1603
ComNet0001_SYS_Pro_00038,AssociationRelationship,,,1,1604
ComNet0001_SYS_Pro_00039,AssociationRelationship,,,1,1605
ComNet0001_SYS_Pro_00040,AssociationRelationship,,,1,1606
ComNet0001_SYS_Pro_00041,AssociationRelationship,,,1,1607
ComNet0001_SYS_Pro_00043,AssociationRelationship,,,1,1609
ComNet0001_SYS_Pro_00044,AssociationRelationship,,,1,1610
ComNet0001_SYS_Pro_00045,AssociationRelationship,,,1,1611
ComNet0001_SYS_Pro_00046,AssociationRelationship,,,1,1615
ComNet0001_SYS_Pro_00048,AssociationRelationship,,,1,1616
ComNet0001_SYS_Pro_00049,AssociationRelationship,,,1,1523
ComNet0001_SYS_Pro_00050,AssociationRelationship,,,1,1524
ComNet0001_SYS_Pro_00051,AssociationRelationship,,,1,1525
ComNet0001_SYS_Pro_00052,AssociationRelationship,,,1,1526
ComNet0001_SYS_Pro_00053,AssociationRelationship,,,1,1527
ComNet0001_SYS_Pro_00054,AssociationRelationship,,,1,1528
ComNet0001_SYS_Pro_00055,AssociationRelationship,,,1,1529
ComNet0001_SYS_Pro_00056,AssociationRelationship,,,1,1530
ComNet0001_SYS_Pro_00057,AssociationRelationship,,,1,1531
ComNet0001_SYS_Pro_00059,AssociationRelationship,,,1,1533
ComNet0001_SYS_Pro_00061,AssociationRelationship,,,1,1535
ComNet0001_SYS_Pro_00064,AssociationRelationship,,,1,1536
ComNet0001_SYS_Pro_00065,AssociationRelationship,,,1,1537
ComNet0001_SYS_Pro_00066,AssociationRelationship,,,1,1541
ComNet0001_SYS_Pro_00067,AssociationRelationship,,,1,1543
ComNet0001_SYS_Pro_00069,AssociationRelationship,,,1,1546
ComNet0001_SYS_Pro_00070,AssociationRelationship,,,1,1548
ComNet0001_SYS_Pro_00072,AssociationRelationship,,,1,1551
ComNet0001_SYS_Pro_00073,AssociationRelationship,,,1,1785
ComNet0001_SYS_Pro_00074,AssociationRelationship,,,1,1789
ComNet0001_SYS_Pro_00075,AssociationRelationship,,,1,1790
ComNet0001_SYS_Pro_00076,AssociationRelationship,,,1,1791
ComNet0001_SYS_Pro_00077,AssociationRelationship,,,1,1792
ComNet0001_SYS_Pro_00078,AssociationRelationship,,,1,1793
ComNet0001_SYS_Pro_00080,AssociationRelationship,,,1,1798
ComNet0001_SYS_Pro_00081,AssociationRelationship,,,1,1800
ComNet0001_SYS_Pro_00082,AssociationRelationship,,,1,1801
ComNet0001_SYS_Pro_00083,AssociationRelationship,,,1,1802
ComNet0001_SYS_Pro_00085,AssociationRelationship,,,1,1804
ComNet0001_SYS_Pro_00086,AssociationRelationship,,,1,1805
ComNet0001_SYS_Pro_00088,AssociationRelationship,,,1,1809
ComNet0001_SYS_Pro_00089,AssociationRelationship,,,1,1810
ComNet0001_SYS_Pro_00090,AssociationRelationship,,,1,1811
ComNet0001_SYS_Pro_00091,AssociationRelationship,,,1,1812
ComNet0001_SYS_Pro_00094,AssociationRelationship,,,1,1818
ComNet0001_SYS_Pro_00095,AssociationRelationship,,,1,1819
ComNet0001_SYS_Pro_00097,AssociationRelationship,,,1,1820
ComNet0001_SYS_Pro_00098,AssociationRelationship,,,1,1822
ComNet0001_SYS_Pro_00099,AssociationRelationship,,,1,1823
ComNet0001_SYS_Pro_00100,AssociationRelationship,,,1,1824
ComNet0001_SYS_Pro_00101,AssociationRelationship,,,1,1827
ComNet0001_SYS_Pro_00104,AssociationRelationship,,,1,1831
ComNet0001_SYS_Pro_00105,AssociationRelationship,,,1,1832
ComNet0001_SYS_Pro_00106,AssociationRelationship,,,1,1834
ComNet0001_SYS_Pro_00110,AssociationRelationship,,,1,1835
ComNet0001_SYS_Pro_00112,AssociationRelationship,,,1,1837
ComNet0001_SYS_Pro_00113,AssociationRelationship,,,1,1838
ComNet0001_SYS_Pro_00114,AssociationRelationship,,,1,1840
ComNet0001_SYS_Pro_00115,AssociationRelationship,,,1,1842
ComNet0001_SYS_Pro_00116,AssociationRelationship,,,1,1843
ComNet0001_SYS_Pro_00117,AssociationRelationship,,,1,1845
ComNet0001_SYS_Pro_00118,AssociationRelationship,,,1,1846
ComNet0001_SYS_Pro_00119,AssociationRelationship,,,1,1847
ComNet0001_SYS_Pro_00120,AssociationRelationship,,,1,1848
ComNet0001_SYS_Pro_00122,AssociationRelationship,,,1,1502
ComNet0001_SYS_Pro_00123,AssociationRelationship,,,1,1503
ComNet0001_SYS_Pro_00124,AssociationRelationship,,,1,1504
ComNet0001_SYS_Pro_00126,AssociationRelationship,,,1,1506
ComNet0001_SYS_Pro_00127,AssociationRelationship,,,1,1507
ComNet0001_SYS_Pro_00128,AssociationRelationship,,,1,1508
ComNet0001_SYS_Pro_00131,AssociationRelationship,,,1,1509
ComNet0001_SYS_Pro_00132,AssociationRelationship,,,1,1510
ComNet0001_SYS_Pro_00133,AssociationRelationship,,,1,1511
ComNet0001_SYS_Pro_00134,AssociationRelationship,,,1,1512
ComNet0001_SYS_Pro_00135,AssociationRelationship,,,1,1513
ComNet0001_SYS_Pro_00136,AssociationRelationship,,,1,1514
ComNet0001_SYS_Pro_00137,AssociationRelationship,,,1,1515
ComNet0001_SYS_Pro_00138,AssociationRelationship,,,1,1516
ComNet0001_SYS_Pro_00139,AssociationRelationship,,,1,1517
ComNet0001_SYS_Pro_00140,AssociationRelationship,,,1,1518
ComNet0001_SYS_Pro_00141,AssociationRelationship,,,1,1519
ComNet0001_SYS_Pro_00142,AssociationRelationship,,,1,1520
ComNet0001_SYS_Pro_00143,AssociationRelationship,,,1,1521
ComNet0001_SYS_Pro_00144,AssociationRelationship,,,1,1522
ComNet0001_SYS_Pro_00146,AssociationRelationship,,,1,1759
ComNet0001_SYS_Pro_00149,AssociationRelationship,,,1,1761
ComNet0001_SYS_Pro_00150,AssociationRelationship,,,1,1762
ComNet0001_SYS_Pro_00151,AssociationRelationship,,,1,1768
ComNet0001_SYS_Pro_00152,AssociationRelationship,,,1,1769
ComNet0001_SYS_Pro_00153,AssociationRelationship,,,1,1771
ComNet0001_SYS_Pro_00156,AssociationRelationship,,,1,1772
ComNet0001_SYS_Pro_00157,AssociationRelationship,,,1,1774
ComNet0001_SYS_Pro_00158,AssociationRelationship,,,1,1775
ComNet0001_SYS_Pro_00159,AssociationRelationship,,,1,1776
ComNet0001_SYS_Pro_00160,AssociationRelationship,,,1,1777
ComNet0001_SYS_Pro_00161,AssociationRelationship,,,1,1778
ComNet0001_SYS_Pro_00162,AssociationRelationship,,,1,1779
ComNet0001_SYS_Pro_00163,AssociationRelationship,,,1,1780
ComNet0001_SYS_Pro_00164,AssociationRelationship,,,1,1885
ComNet0001_SYS_Pro_00165,AssociationRelationship,,,1,1887
ComNet0001_SYS_Pro_00166,AssociationRelationship,,,1,1782
ComNet0001_SYS_Pro_00167,AssociationRelationship,,,1,1783
ComNet0001_SYS_Pro_00168,AssociationRelationship,,,1,1784
ComNet0001_SYS_Pro_00169,AssociationRelationship,,,1,1449
ComNet0001_SYS_Pro_00170,AssociationRelationship,,,1,1455
ComNet0001_SYS_Pro_00172,AssociationRelationship,,,1,1458
ComNet0001_SYS_Pro_00174,AssociationRelationship,,,1,1465
ComNet0001_SYS_Pro_00175,AssociationRelationship,,,1,1466
ComNet0001_SYS_Pro_00176,AssociationRelationship,,,1,1467
ComNet0001_SYS_Pro_00178,AssociationRelationship,,,1,1688
ComNet0001_SYS_Pro_00179,AssociationRelationship,,,1,1797
ComNet0001_SYS_Pro_00180,AssociationRelationship,,,1,1873
ComNet0001_SYS_Pro_00184,AssociationRelationship,,,1,1924
ComNet0001_SYS_Pro_00185,AssociationRelationship,,,1,1925
ComNet0001_SYS_Pro_00186,AssociationRelationship,,,1,2006
ComNet0001_SYS_Pro_00189,AssociationRelationship,,,1,2011
ComNet0001_SYS_Pro_00190,AssociationRelationship,,,1,2017
ComNet0001_SYS_Pro_00191,AssociationRelationship,,,1,2020
ComNet0001_SYS_Pro_00193,AssociationRelationship,,,1,2024
ComNet0001_SYS_Pro_00194,AssociationRelationship,,,1,2026
ComNet0001_SYS_Pro_00196,AssociationRelationship,,,1,2028
ComNet0001_SYS_Pro_00197,AssociationRelationship,,,1,2029
ComNet0001_SYS_Pro_00198,AssociationRelationship,,,1,2030
ComNet0001_SYS_Pro_00199,AssociationRelationship,,,1,2031
ComNet0001_SYS_Pro_00200,AssociationRelationship,,,1,2032
ComNet0001_SYS_Pro_00201,AssociationRelationship,,,1,2034
ComNet0001_SYS_Pro_00204,AssociationRelationship,,,1,1431
ComNet0001_SYS_Pro_00205,AssociationRelationship,,,1,1432
ComNet0001_SYS_Pro_00206,AssociationRelationship,,,1,1435
ComNet0001_SYS_Pro_00207,AssociationRelationship,,,1,1438
ComNet0001_SYS_Pro_00208,AssociationRelationship,,,1,1439
ComNet0001_SYS_Pro_00209,AssociationRelationship,,,1,1440
ComNet0001_SYS_Pro_00210,AssociationRelationship,,,1,1442
ComNet0001_SYS_Pro_00211,AssociationRelationship,,,1,1443
ComNet0001_SYS_Pro_00212,AssociationRelationship,,,1,1447
ComNet0001_SYS_Pro_00213,AssociationRelationship,,,1,1448
ComNet0001_SYS_Pro_00215,AssociationRelationship,,,1,1982
ComNet0001_SYS_Pro_00216,AssociationRelationship,,,1,1468
ComNet0001_SYS_Pro_00218,AssociationRelationship,,,1,1472
ComNet0001_SYS_Pro_00219,AssociationRelationship,,,1,1473
ComNet0001_SYS_Pro_00221,AssociationRelationship,,,1,1479
ComNet0001_SYS_Pro_00222,AssociationRelationship,,,1,1480
ComNet0001_SYS_Pro_00223,AssociationRelationship,,,1,1482
ComNet0001_SYS_Pro_00225,AssociationRelationship,,,1,1483
ComNet0001_SYS_Pro_00230,AssociationRelationship,,,1,1485
ComNet0001_SYS_Pro_00231,AssociationRelationship,,,1,1487
ComNet0001_SYS_Pro_00234,AssociationRelationship,,,1,1488
ComNet0001_SYS_Pro_00235,AssociationRelationship,,,1,1490
ComNet0001_SYS_Pro_00236,AssociationRelationship,,,1,1489
ComNet0001_SYS_Pro_00237,AssociationRelationship,,,1,1743
ComNet0001_SYS_Pro_00243,AssociationRelationship,,,1,1747
ComNet0001_SYS_Pro_00244,AssociationRelationship,,,1,1749
ComNet0001_SYS_Pro_00245,AssociationRelationship,,,1,1750
ComNet0001_SYS_Pro_00248,AssociationRelationship,,,1,1751
ComNet0001_SYS_Pro_00259,AssociationRelationship,,,1,1757
ComNet0001_SYS_Pro_00260,AssociationRelationship,,,1,1758
ComNet0001_SYS_Pro_00261,AssociationRelationship,,,1,1992
ComNet0001_SYS_Pro_00263,AssociationRelationship,,,1,1997
ComNet0001_SYS_Pro_00264,AssociationRelationship,,,1,1998
ComNet0001_SYS_Pro_00265,AssociationRelationship,,,1,2000
ComNet0001_SYS_Pro_00267,AssociationRelationship,,,1,2001
ComNet0001_SYS_Pro_00268,AssociationRelationship,,,1,2002
ComNet0001_SYS_Pro_00269,AssociationRelationship,,,1,2003
ComNet0001_SYS_Pro_00270,AssociationRelationship,,,1,2004
ComNet0001_SYS_Pro_00271,AssociationRelationship,,,1,2007
ComNet0001_SYS_Pro_00272,AssociationRelationship,,,1,1741
ComNet0001_SYS_Pro_00273,AssociationRelationship,,,1,1538
ComNet0001_SYS_Pro_00274,AssociationRelationship,,,1,2010
ComNet0001_SYS_Pro_00278,AssociationRelationship,,,1,2013
ComNet0001_SYS_Pro_00281,AssociationRelationship,,,1,2014
ComNet0001_SYS_Pro_00282,AssociationRelationship,,,1,2016
ComNet0001_SYS_Pro_00286,AssociationRelationship,,,1,1713
ComNet0001_SYS_Pro_00287,AssociationRelationship,,,1,1716
ComNet0001_SYS_Pro_00288,AssociationRelationship,,,1,1717
ComNet0001_SYS_Pro_00289,AssociationRelationship,,,1,1718
ComNet0001_SYS_Pro_00290,AssociationRelationship,,,1,1719
ComNet0001_SYS_Pro_00291,AssociationRelationship,,,1,1720
ComNet0001_SYS_Pro_00292,AssociationRelationship,,,1,1721
ComNet0001_SYS_Pro_00293,AssociationRelationship,,,1,1722
ComNet0001_SYS_Pro_00298,AssociationRelationship,,,1,1726
ComNet0001_SYS_Pro_00299,AssociationRelationship,,,1,1731
ComNet0001_SYS_Pro_00301,AssociationRelationship,,,1,1734
ComNet0001_SYS_Pro_00305,AssociationRelationship,,,1,1737
ComNet0001_SYS_Pro_00306,AssociationRelationship,,,1,1738
ComNet0001_SYS_Pro_00307,AssociationRelationship,,,1,1739
ComNet0001_SYS_Pro_00310,AssociationRelationship,,,1,1964
ComNet0001_SYS_Pro_00311,AssociationRelationship,,,1,1966
ComNet0001_SYS_Pro_00313,AssociationRelationship,,,1,1968
ComNet0001_SYS_Pro_00314,AssociationRelationship,,,1,1969
ComNet0001_SYS_Pro_00315,AssociationRelationship,,,1,1970
ComNet0001_SYS_Pro_00316,AssociationRelationship,,,1,1972
ComNet0001_SYS_Pro_00317,AssociationRelationship,,,1,1973
ComNet0001_SYS_Pro_00319,AssociationRelationship,,,1,1977
ComNet0001_SYS_Pro_00321,AssociationRelationship,,,1,1979
ComNet0001_SYS_Pro_00323,AssociationRelationship,,,1,1980
ComNet0001_SYS_Pro_00324,AssociationRelationship,,,1,1983
ComNet0001_SYS_Pro_00326,AssociationRelationship,,,1,1985
ComNet0001_SYS_Pro_00328,AssociationRelationship,,,1,1986
ComNet0001_SYS_Pro_00331,AssociationRelationship,,,1,1989
ComNet0001_SYS_Pro_00332,AssociationRelationship,,,1,1991
ComNet0001_SYS_Pro_00333,AssociationRelationship,,,1,1672
ComNet0001_SYS_Pro_00334,AssociationRelationship,,,1,1673
ComNet0001_SYS_Pro_00335,AssociationRelationship,,,1,1675
ComNet0001_SYS_Pro_00336,AssociationRelationship,,,1,1676
ComNet0001_SYS_Pro_00338,AssociationRelationship,,,1,1679
ComNet0001_SYS_Pro_00339,AssociationRelationship,,,1,1685
ComNet0001_SYS_Pro_00341,AssociationRelationship,,,1,1689
ComNet0001_SYS_Pro_00342,AssociationRelationship,,,1,1681
ComNet0001_SYS_Pro_00343,AssociationRelationship,,,1,1682
ComNet0001_SYS_Pro_00344,AssociationRelationship,,,1,1693
ComNet0001_SYS_Pro_00346,AssociationRelationship,,,1,1695
ComNet0001_SYS_Pro_00349,AssociationRelationship,,,1,1701
ComNet0001_SYS_Pro_00351,AssociationRelationship,,,1,1705
ComNet0001_SYS_Pro_00352,AssociationRelationship,,,1,1706
ComNet0001_SYS_Pro_00353,AssociationRelationship,,,1,1707
ComNet0001_SYS_Pro_00360,AssociationRelationship,,,1,1936
ComNet0001_SYS_Pro_00362,AssociationRelationship,,,1,1937
ComNet0001_SYS_Pro_00364,AssociationRelationship,,,1,1939
ComNet0001_SYS_Pro_00365,AssociationRelationship,,,1,1940
ComNet0001_SYS_Pro_00369,AssociationRelationship,,,1,1944
ComNet0001_SYS_Pro_00372,AssociationRelationship,,,1,1950
ComNet0001_SYS_Pro_00373,AssociationRelationship,,,1,1951
ComNet0001_SYS_Pro_00380,AssociationRelationship,,,1,1960
ComNet0001_SYS_Pro_00381,AssociationRelationship,,,1,1644
ComNet0001_SYS_Pro_00382,AssociationRelationship,,,1,1647
ComNet0001_SYS_Pro_00383,AssociationRelationship,,,1,1645
ComNet0001_SYS_Pro_00384,AssociationRelationship,,,1,1646
ComNet0001_SYS_Pro_00385,AssociationRelationship,,,1,1648
ComNet0001_SYS_Pro_00386,AssociationRelationship,,,1,1649
ComNet0001_SYS_Pro_00387,AssociationRelationship,,,1,1650
ComNet0001_SYS_Pro_00391,AssociationRelationship,,,1,1651
ComNet0001_SYS_Pro_00392,AssociationRelationship,,,1,1652
ComNet0001_SYS_Pro_00393,AssociationRelationship,,,1,1654
ComNet0001_SYS_Pro_00394,AssociationRelationship,,,1,1658
ComNet0001_SYS_Pro_00396,AssociationRelationship,,,1,1663
ComNet0001_SYS_Pro_00397,AssociationRelationship,,,1,1665
ComNet0001_SYS_Pro_00398,AssociationRelationship,,,1,1666
ComNet0001_SYS_Pro_00399,AssociationRelationship,,,1,1667
ComNet0001_SYS_Pro_00400,AssociationRelationship,,,1,1668
ComNet0001_SYS_Pro_00401,AssociationRelationship,,,1,1669
ComNet0001_SYS_Pro_00403,AssociationRelationship,,,1,1670
ComNet0001_SYS_Pro_00404,AssociationRelationship,,,1,1671
ComNet0001_SYS_Pro_00405,AssociationRelationship,,,1,1908
ComNet0001_SYS_Pro_00408,AssociationRelationship,,,1,1910
ComNet0001_SYS_Pro_00410,AssociationRelationship,,,1,1911
ComNet0001_SYS_Pro_00413,AssociationRelationship,,,1,1915
ComNet0001_SYS_Pro_00415,AssociationRelationship,,,1,1914
ComNet0001_SYS_Pro_00416,AssociationRelationship,,,1,1916
ComNet0001_SYS_Pro_00418,AssociationRelationship,,,1,1919
ComNet0001_SYS_Pro_00419,AssociationRelationship,,,1,1923
ComNet0001_SYS_Pro_00422,AssociationRelationship,,,1,1928
ComNet0001_SYS_Pro_00423,AssociationRelationship,,,1,1929
ComNet0001_SYS_Pro_00427,AssociationRelationship,,,1,1931
ComNet0001_SYS_Pro_00428,AssociationRelationship,,,1,1932
ComNet0001_SYS_Pro_00430,AssociationRelationship,,,1,1618
ComNet0001_SYS_Pro_00432,AssociationRelationship,,,1,1620
ComNet0001_SYS_Pro_00434,AssociationRelationship,,,1,1623
ComNet0001_SYS_Pro_00435,AssociationRelationship,,,1,1624
ComNet0001_SYS_Pro_00438,AssociationRelationship,,,1,1628
ComNet0001_SYS_Pro_00439,AssociationRelationship,,,1,1629
ComNet0001_SYS_Pro_00440,AssociationRelationship,,,1,1630
ComNet0001_SYS_Pro_00441,AssociationRelationship,,,1,1631
ComNet0001_SYS_Pro_00442,AssociationRelationship,,,1,1632
ComNet0001_SYS_Pro_00443,AssociationRelationship,,,1,1633
ComNet0001_SYS_Pro_00445,AssociationRelationship,,,1,1635
ComNet0001_SYS_Pro_00446,AssociationRelationship,,,1,1636
ComNet0001_SYS_Pro_00452,AssociationRelationship,,,1,1643
ComNet0001_SYS_Pro_00453,AssociationRelationship,,,1,1881
ComNet0001_SYS_Pro_00458,AssociationRelationship,,,1,1888
ComNet0001_SYS_Pro_00459,AssociationRelationship,,,1,1889
ComNet0001_SYS_Pro_00461,AssociationRelationship,,,1,1891
ComNet0001_SYS_Pro_00463,AssociationRelationship,,,1,1893
ComNet0001_SYS_Pro_00464,AssociationRelationship,,,1,1895
ComNet0001_SYS_Pro_00465,AssociationRelationship,,,1,1896
ComNet0001_SYS_Pro_00468,AssociationRelationship,,,1,1897
ComNet0001_SYS_Pro_00470,AssociationRelationship,,,1,1899
ComNet0001_SYS_Pro_00471,AssociationRelationship,,,1,1900
ComNet0001_SYS_Pro_00472,AssociationRelationship,,,1,1902
ComNet0001_SYS_Pro_00474,AssociationRelationship,,,1,1903
ComNet0001_SYS_Pro_00475,AssociationRelationship,,,1,1906
ComNet0001_SYS_Pro_00476,AssociationRelationship,,,1,1907
ComNet0001_SYS_Pro_00477,AssociationRelationship,,,1,1849
ComNet0001_SYS_Pro_00479,AssociationRelationship,,,1,1852
ComNet0001_SYS_Pro_00481,AssociationRelationship,,,1,1853
ComNet0001_SYS_Pro_00482,AssociationRelationship,,,1,1854
ComNet0001_SYS_Pro_00483,AssociationRelationship,,,1,1855
ComNet0001_SYS_Pro_00484,AssociationRelationship,,,1,1857
ComNet0001_SYS_Pro_00486,AssociationRelationship,,,1,1860
ComNet0001_SYS_Pro_00487,AssociationRelationship,,,1,1861
ComNet0001_SYS_Pro_00492,AssociationRelationship,,,1,1865
ComNet0001_SYS_Pro_00493,AssociationRelationship,,,1,1867
ComNet0001_SYS_Pro_00494,AssociationRelationship,,,1,1868
ComNet0001_SYS_Pro_00495,AssociationRelationship,,,1,1870
ComNet0001_SYS_Pro_00496,AssociationRelationship,,,1,1871
ComNet0001_SYS_Pro_00497,AssociationRelationship,,,1,1872
ComNet0001_SYS_Pro_00508,AssociationRelationship,,,1,1974
ComNet0001_SYS_Pro_00509,AssociationRelationship,,,1,1988
ComNet0001_SYS_Pro_00524,AssociationRelationship,,,1,1696
ComNet0001_SYS_Pro_00526,AssociationRelationship,,,1,1637
ComNet0001_SYS_Pro_00527,AssociationRelationship,,,1,1453
ComNet0001_SYS_Pro_00528,AssociationRelationship,,,1,1573
ComNet0001_SYS_Pro_00530,AssociationRelationship,,,1,2005
ComNet0001_SYS_Pro_00532,AssociationRelationship,,,1,1547
ComNet0001_SYS_Pro_00533,AssociationRelationship,,,1,1450
ComNet0001_SYS_Pro_00534,AssociationRelationship,,,1,1499
ComNet0001_SYS_Pro_00535,AssociationRelationship,,,1,1619
ComNet0001_SYS_Pro_00536,AssociationRelationship,,,1,1833
ComNet0001_SYS_Pro_00537,AssociationRelationship,,,1,1694
ComNet0001_SYS_Pro_00538,AssociationRelationship,,,1,1697
ComNet0001_SYS_Pro_00539,AssociationRelationship,,,1,1727
ComNet0001_SYS_Pro_00541,AssociationRelationship,,,1,1828
ComNet0001_SYS_Pro_00542,AssociationRelationship,,,1,1941
ComNet0001_SYS_Pro_00543,AssociationRelationship,,,1,1703
ComNet0001_SYS_Pro_00544,AssociationRelationship,,,1,1686
ComNet0001_SYS_Pro_00545,AssociationRelationship,,,1,1569
ComNet0001_SYS_Pro_00546,AssociationRelationship,,,1,1591
ComNet0001_SYS_Pro_00547,AssociationRelationship,,,1,1850
ComNet0001_SYS_Pro_00548,AssociationRelationship,,,1,1729
ComNet0001_SYS_Pro_00549,AssociationRelationship,,,1,1699
ComNet0001_SYS_Pro_00550,AssociationRelationship,,,1,1921
ComNet0001_SYS_Pro_00551,AssociationRelationship,,,1,1683
ComNet0001_SYS_Pro_00552,AssociationRelationship,,,1,1927
ComNet0001_SYS_Pro_00555,AssociationRelationship,,,1,1943
ComNet0001_SYS_Pro_00556,AssociationRelationship,,,1,1863
ComNet0001_SYS_Pro_00557,AssociationRelationship,,,1,1441
ComNet0001_SYS_Pro_00558,AssociationRelationship,,,1,1459
ComNet0001_SYS_Pro_00559,AssociationRelationship,,,1,1463
ComNet0001_SYS_Pro_00560,AssociationRelationship,,,1,1460
ComNet0001_SYS_Pro_00561,AssociationRelationship,,,1,2022
ComNet0001_SYS_Pro_00563,AssociationRelationship,,,1,1841
ComNet0001_SYS_Pro_00564,AssociationRelationship,,,1,1962
ComNet0001_SYS_Pro_00565,AssociationRelationship,,,1,1617
ComNet0001_SYS_Pro_00566,AssociationRelationship,,,1,1815
ComNet0001_SYS_Pro_00568,AssociationRelationship,,,1,1994
ComNet0001_SYS_Pro_00569,AssociationRelationship,,,1,1993
ComNet0001_SYS_Pro_00570,AssociationRelationship,,,1,2015
ComNet0001_SYS_Pro_00571,AssociationRelationship,,,1,1767
ComNet0001_SYS_Pro_00574,AssociationRelationship,,,1,2012
ComNet0001_SYS_Pro_00576,AssociationRelationship,,,1,1532
ComNet0001_SYS_Pro_00578,AssociationRelationship,,,1,1971
ComNet0001_SYS_Pro_00579,AssociationRelationship,,,1,1462
ComNet0001_SYS_Pro_00580,AssociationRelationship,,,1,1866
ComNet0001_SYS_Pro_00581,AssociationRelationship,,,1,1756
ComNet0001_SYS_Pro_00582,AssociationRelationship,,,1,1497
ComNet0001_SYS_Pro_00583,AssociationRelationship,,,1,1563
ComNet0001_SYS_Pro_00584,AssociationRelationship,,,1,1948
ComNet0001_SYS_Pro_00586,AssociationRelationship,,,1,1813
ComNet0001_SYS_Pro_00587,AssociationRelationship,,,1,2009
ComNet0001_SYS_Pro_00588,AssociationRelationship,,,1,1469
ComNet0001_SYS_Pro_00591,AssociationRelationship,,,1,1748
ComNet0001_SYS_Pro_00593,AssociationRelationship,,,1,1814
ComNet0001_SYS_Pro_00594,AssociationRelationship,,,1,1799
ComNet0001_SYS_Pro_00597,AssociationRelationship,,,1,1545
ComNet0001_SYS_Pro_00601,AssociationRelationship,,,1,1491
ComNet0001_SYS_Pro_00602,AssociationRelationship,,,1,1498
ComNet0001_SYS_Pro_00603,AssociationRelationship,,,1,1755
ComNet0001_SYS_Pro_00604,AssociationRelationship,,,1,1690
ComNet0001_SYS_Pro_00609,AssociationRelationship,,,1,1558
ComNet0001_SYS_Pro_00610,AssociationRelationship,,,1,1454
ComNet0001_SYS_Pro_00611,AssociationRelationship,,,1,1917
ComNet0001_SYS_Pro_00612,AssociationRelationship,,,1,2019
ComNet0001_SYS_Pro_00613,AssociationRelationship,,,1,1773
ComNet0001_SYS_Pro_00614,AssociationRelationship,,,1,1808
ComNet0001_SYS_Pro_00615,AssociationRelationship,,,1,1770
ComNet0001_SYS_Pro_00616,AssociationRelationship,,,1,1589
ComNet0001_SYS_Pro_00628,AssociationRelationship,,,1,1500
ComNet0001_SYS_Pro_00629,AssociationRelationship,,,1,1981
ComNet0001_SYS_Pro_00630,AssociationRelationship,,,1,1544
ComNet0001_SYS_Pro_00633,AssociationRelationship,,,1,1856
ComNet0001_SYS_Pro_00634,AssociationRelationship,,,1,1581
ComNet0001_SYS_Pro_00635,AssociationRelationship,,,1,1869
ComNet0001_SYS_Pro_00636,AssociationRelationship,,,1,1963
ComNet0001_SYS_Pro_00637,AssociationRelationship,,,1,1898
ComNet0001_SYS_Pro_00638,AssociationRelationship,,,1,1956
ComNet0001_SYS_Pro_00639,AssociationRelationship,,,1,1505
ComNet0001_SYS_Pro_00641,AssociationRelationship,,,1,1451
ComNet0001_SYS_Pro_00642,AssociationRelationship,,,1,1634
ComNet0001_SYS_Pro_00643,AssociationRelationship,,,1,1452
ComNet0001_SYS_Pro_00646,AssociationRelationship,,,1,1742
ComNet0001_SYS_Pro_00648,AssociationRelationship,,,1,1912
ComNet0001_SYS_Pro_00651,AssociationRelationship,,,1,1495
ComNet0001_SYS_Pro_00652,AssociationRelationship,,,1,1496
ComNet0001_SYS_Pro_00653,AssociationRelationship,,,1,1890
ComNet0001_SYS_Pro_00654,AssociationRelationship,,,1,1725
ComNet0001_SYS_Pro_00655,AssociationRelationship,,,1,1568
ComNet0001_SYS_Pro_00656,AssociationRelationship,,,1,1859
ComNet0001_SYS_Pro_00658,AssociationRelationship,,,1,1478
ComNet0001_SYS_Pro_00660,AssociationRelationship,,,1,1976
ComNet0001_SYS_Pro_00664,AssociationRelationship,,,1,1826
ComNet0001_SYS_Pro_00670,AssociationRelationship,,,1,1680
ComNet0001_SYS_Pro_00671,AssociationRelationship,,,1,1754
ComNet0001_SYS_Pro_00678,AssociationRelationship,,,1,1955
ComNet0001_SYS_Pro_00679,AssociationRelationship,,,1,1586
ComNet0001_SYS_Pro_00680,AssociationRelationship,,,1,1554
ComNet0001_SYS_Pro_00683,AssociationRelationship,,,1,1461
ComNet0001_SYS_Pro_00685,AssociationRelationship,,,1,2027
ComNet0001_SYS_Pro_00686,AssociationRelationship,,,1,1677
ComNet0001_SYS_Pro_00687,AssociationRelationship,,,1,1874
ComNet0001_SYS_Pro_00689,AssociationRelationship,,,1,1492
ComNet0001_SYS_Pro_00690,AssociationRelationship,,,1,2021
ComNet0001_SYS_Pro_00692,AssociationRelationship,,,1,1691
ComNet0001_SYS_Pro_00693,AssociationRelationship,,,1,1638
ComNet0001_SYS_Pro_00694,AssociationRelationship,,,1,1627
ComNet0001_SYS_Pro_00695,AssociationRelationship,,,1,1446
ComNet0001_SYS_Pro_00697,AssociationRelationship,,,1,1752
ComNet0001_SYS_Pro_00698,AssociationRelationship,,,1,1786
ComNet0001_SYS_Pro_00699,AssociationRelationship,,,1,2018
ComNet0001_SYS_Pro_00701,AssociationRelationship,,,1,1662
ComNet0001_SYS_Pro_00703,AssociationRelationship,,,1,1534
ComNet0001_SYS_Pro_00706,AssociationRelationship,,,1,1999
ComNet0001_SYS_Pro_00708,AssociationRelationship,,,1,1593
ComNet0001_SYS_Pro_00713,AssociationRelationship,,,1,1711
ComNet0001_SYS_Pro_00714,AssociationRelationship,,,1,1657
ComNet0001_SYS_Pro_00715,AssociationRelationship,,,1,1901
ComNet0001_SYS_Pro_00716,AssociationRelationship,,,1,1930
ComNet0001_SYS_Pro_00717,AssociationRelationship,,,1,1702
ComNet0001_SYS_Pro_00718,AssociationRelationship,,,1,1444
ComNet0001_SYS_Pro_00719,AssociationRelationship,,,1,1464
ComNet0001_SYS_Pro_00720,AssociationRelationship,,,1,1864
ComNet0001_SYS_Pro_00721,AssociationRelationship,,,1,1664
ComNet0001_SYS_Pro_00722,AssociationRelationship,,,1,1760
ComNet0001_SYS_Pro_00723,AssociationRelationship,,,1,1456
ComNet0001_SYS_Pro_00724,AssociationRelationship,,,1,1806
ComNet0001_SYS_Pro_00725,AssociationRelationship,,,1,1687
ComNet0001_SYS_Pro_00727,AssociationRelationship,,,1,1470
ComNet0001_SYS_Pro_00729,AssociationRelationship,,,1,1781
ComNet0001_SYS_Pro_00730,AssociationRelationship,,,1,1592
ComNet0001_SYS_Pro_00731,AssociationRelationship,,,1,1975
ComNet0001_SYS_Pro_00732,AssociationRelationship,,,1,1894
ComNet0001_SYS_Pro_00733,AssociationRelationship,,,1,1542
ComNet0001_SYS_Pro_00734,AssociationRelationship,,,1,1578
ComNet0001_SYS_Pro_00735,AssociationRelationship,,,1,1678
ComNet0001_SYS_Pro_00737,AssociationRelationship,,,1,1641
ComNet0001_SYS_Pro_00738,AssociationRelationship,,,1,1436
ComNet0001_SYS_Pro_00739,AssociationRelationship,,,1,1474
ComNet0001_SYS_Pro_00740,AssociationRelationship,,,1,1556
ComNet0001_SYS_Pro_00741,AssociationRelationship,,,1,1493
ComNet0001_SYS_Pro_00742,AssociationRelationship,,,1,1560
ComNet0001_SYS_Pro_00743,AssociationRelationship,,,1,1653
ComNet0001_SYS_Pro_00744,AssociationRelationship,,,1,1883
ComNet0001_SYS_Pro_00745,AssociationRelationship,,,1,1655
ComNet0001_SYS_Pro_00746,AssociationRelationship,,,1,1892
ComNet0001_SYS_Pro_00747,AssociationRelationship,,,1,1984
ComNet0001_SYS_Pro_00749,AssociationRelationship,,,1,1723
ComNet0001_SYS_Pro_00751,AssociationRelationship,,,1,1567
ComNet0001_SYS_Pro_00752,AssociationRelationship,,,1,1715
ComNet0001_SYS_Pro_00753,AssociationRelationship,,,1,1660
ComNet0001_SYS_Pro_00754,AssociationRelationship,,,1,1501
ComNet0001_SYS_Pro_00755,AssociationRelationship,,,1,1753
ComNet0001_SYS_Pro_00756,AssociationRelationship,,,1,1909
ComNet0001_SYS_Pro_00757,AssociationRelationship,,,1,1947
ComNet0001_SYS_Pro_00758,AssociationRelationship,,,1,1598
ComNet0001_SYS_Pro_00759,AssociationRelationship,,,1,1471
ComNet0001_SYS_Pro_00761,AssociationRelationship,,,1,1642
ComNet0001_SYS_Pro_00763,AssociationRelationship,,,1,1621
ComNet0001_SYS_Pro_00769,AssociationRelationship,,,1,1733
ComNet0001_SYS_Pro_00770,AssociationRelationship,,,1,1640
ComNet0001_SYS_Pro_00771,AssociationRelationship,,,1,1437
ComNet0001_SYS_Pro_00772,AssociationRelationship,,,1,1945
ComNet0001_SYS_Pro_00773,AssociationRelationship,,,1,1740
ComNet0001_SYS_Pro_00774,AssociationRelationship,,,1,1821
ComNet0001_SYS_Pro_00776,AssociationRelationship,,,1,1728
ComNet0001_SYS_Pro_00777,AssociationRelationship,,,1,1457
ComNet0001_SYS_Pro_00778,AssociationRelationship,,,1,1765
ComNet0001_SYS_Pro_00780,AssociationRelationship,,,1,1622
ComNet0001_SYS_Pro_00781,AssociationRelationship,,,1,1549
ComNet0001_SYS_Pro_00782,AssociationRelationship,,,1,1577
ComNet0001_SYS_Pro_00783,AssociationRelationship,,,1,1639
ComNet0001_SYS_Pro_00784,AssociationRelationship,,,1,1594
ComNet0001_SYS_Pro_00785,AssociationRelationship,,,1,1996
ComNet0001_SYS_Pro_00786,AssociationRelationship,,,1,1481
ComNet0001_SYS_Pro_00787,AssociationRelationship,,,1,1954
ComNet0001_SYS_Pro_00788,AssociationRelationship,,,1,1445
ComNet0001_SYS_Pro_00789,AssociationRelationship,,,1,1571
ComNet0001_SYS_Pro_00791,AssociationRelationship,,,1,1763
ComNet0001_SYS_Pro_00793,AssociationRelationship,,,1,1692
ComNet0001_SYS_Pro_00794,AssociationRelationship,,,1,1957
ComNet0001_SYS_Pro_00795,AssociationRelationship,,,1,1580
ComNet0001_SYS_Pro_00796,AssociationRelationship,,,1,1608
ComNet0001_SYS_Pro_00797,AssociationRelationship,,,1,1561
ComNet0001_SYS_Pro_00798,AssociationRelationship,,,1,1913
ComNet0001_SYS_Pro_00799,AssociationRelationship,,,1,1712
ComNet0001_SYS_Pro_00800,AssociationRelationship,,,1,1858
ComNet0001_SYS_Pro_00801,AssociationRelationship,,,1,1803
ComNet0001_SYS_Pro_00802,AssociationRelationship,,,1,1494
ComNet0001_SYS_Pro_00803,AssociationRelationship,,,1,1829
ComNet0001_SYS_Pro_00804,AssociationRelationship,,,1,1552
ComNet0001_SYS_Pro_00805,AssociationRelationship,,,1,1659
ComNet0001_SYS_Pro_00806,AssociationRelationship,,,1,2025
ComNet0001_SYS_Pro_00807,AssociationRelationship,,,1,1475
ComNet0001_SYS_Pro_00808,AssociationRelationship,,,1,1787
ComNet0001_SYS_Pro_00809,AssociationRelationship,,,1,1876
ComNet0001_SYS_Pro_00811,AssociationRelationship,,,1,1557
ComNet0001_SYS_Pro_00812,AssociationRelationship,,,1,1958
ComNet0001_SYS_Pro_00813,AssociationRelationship,,,1,1700
ComNet0001_SYS_Pro_00814,AssociationRelationship,,,1,1926
ComNet0001_SYS_Pro_00815,AssociationRelationship,,,1,2008
ComNet0001_SYS_Pro_00816,AssociationRelationship,,,1,2033
ComNet0001_SYS_Pro_00817,AssociationRelationship,,,1,1708
ComNet0001_SYS_Pro_00819,AssociationRelationship,,,1,1684
ComNet0001_SYS_Pro_00820,AssociationRelationship,,,1,1844
ComNet0001_SYS_Pro_00821,AssociationRelationship,,,1,1946
ComNet0001_SYS_Pro_00822,AssociationRelationship,,,1,1875
ComNet0001_SYS_Pro_00823,AssociationRelationship,,,1,1766
ComNet0001_SYS_Pro_00824,AssociationRelationship,,,1,1566
ComNet0001_SYS_Pro_00825,AssociationRelationship,,,1,1918
ComNet0001_SYS_Pro_00826,AssociationRelationship,,,1,1839
ComNet0001_SYS_Pro_00827,AssociationRelationship,,,1,1735
ComNet0001_SYS_Pro_00828,AssociationRelationship,,,1,1477
ComNet0001_SYS_Pro_00829,AssociationRelationship,,,1,1949
ComNet0001_SYS_Pro_00830,AssociationRelationship,,,1,1484
ComNet0001_SYS_Pro_00831,AssociationRelationship,,,1,1788
ComNet0001_SYS_Pro_00832,AssociationRelationship,,,1,1965
ComNet0001_SYS_Pro_00833,AssociationRelationship,,,1,1736
ComNet0001_SYS_Pro_00836,AssociationRelationship,,,1,1952
ComNet0001_SYS_Pro_00837,AssociationRelationship,,,1,1745
ComNet0001_SYS_Pro_00838,AssociationRelationship,,,1,1961
ComNet0001_SYS_Pro_00839,AssociationRelationship,,,1,1990
ComNet0001_SYS_Pro_00840,AssociationRelationship,,,1,1476
ComNet0001_SYS_Pro_00841,AssociationRelationship,,,1,1816
ComNet0001_SYS_Pro_00842,AssociationRelationship,,,1,1724
ComNet0001_SYS_Pro_00843,AssociationRelationship,,,1,2023
ComNet0001_SYS_Pro_00844,AssociationRelationship,,,1,1905
ComNet0001_SYS_Pro_00845,AssociationRelationship,,,1,1878
ComNet0001_SYS_Pro_00846,AssociationRelationship,,,1,1486
ComNet0001_SYS_Pro_00847,AssociationRelationship,,,1,1794
ComNet0001_SYS_Pro_00849,AssociationRelationship,,,1,1877
ComNet0001_SYS_Pro_00850,AssociationRelationship,,,1,1995
ComNet0001_SYS_Pro_00851,AssociationRelationship,,,1,1886
ComNet0001_SYS_Pro_00853,AssociationRelationship,,,1,1938
ComNet0001_SYS_Pro_00855,AssociationRelationship,,,1,1830
ComNet0002_SYS_Fag_00017,AssociationRelationship,,,2,1056
ComNet0002_SYS_Fag_00019,AssociationRelationship,,,2,1076
ComNet0002_SYS_Fag_00035,AssociationRelationship,,,2,1111
ComNet0002_SYS_Fag_00036,AssociationRelationship,,,2,1114
ComNet0002_SYS_Fag_00041,AssociationRelationship,,,2,1131
ComNet0002_SYS_Fag_00048,AssociationRelationship,,,2,1154
ComNet0002_SYS_Fag_00049,AssociationRelationship,,,2,1155
ComNet0002_SYS_Fag_00061,AssociationRelationship,,,2,1209
ComNet0002_SYS_Fag_00063,AssociationRelationship,,,2,1211
ComNet0002_SYS_Fag_00080,AssociationRelationship,,,2,1236
ComNet0002_SYS_Fag_00081,AssociationRelationship,,,2,1152
ComNet0002_SYS_Fag_00082,AssociationRelationship,,,2,1240
ComNet0002_SYS_Fag_00083,AssociationRelationship,,,2,1242
ComNet0002_SYS_Fag_00084,AssociationRelationship,,,2,1239
ComNet0002_SYS_Fag_00085,AssociationRelationship,,,2,1246
ComNet0002_SYS_Fag_00086,AssociationRelationship,,,2,1247
ComNet0002_SYS_Fag_00087,AssociationRelationship,,,2,1249
ComNet0002_SYS_Fag_00093,AssociationRelationship,,,2,1264
ComNet0002_SYS_Fag_00094,AssociationRelationship,,,2,1265
ComNet0002_SYS_Fag_00097,AssociationRelationship,,,2,1266
ComNet0002_SYS_Fag_00098,AssociationRelationship,,,2,1269
ComNet0002_SYS_Fag_00099,AssociationRelationship,,,2,1270
ComNet0002_SYS_Fag_00100,AssociationRelationship,,,2,1271
ComNet0002_SYS_Fag_00102,AssociationRelationship,,,2,1287
ComNet0002_SYS_Fag_00107,AssociationRelationship,,,2,1307
ComNet0002_SYS_Fag_00111,AssociationRelationship,,,2,1316
ComNet0002_SYS_Fag_00126,AssociationRelationship,,,2,1118
ComNet0002_SYS_Fag_00127,AssociationRelationship,,,2,1119
ComNet0002_SYS_Fag_00129,AssociationRelationship,,,2,1121
ComNet0002_SYS_Fag_00137,AssociationRelationship,,,2,1245
ComNet0002_SYS_Fag_00138,AssociationRelationship,,,2,1241
ComNet0002_SYS_Fag_00139,AssociationRelationship,,,2,1151
ComNet0002_SYS_Fag_00140,AssociationRelationship,,,2,1046
ComNet0002_SYS_Fag_00146,AssociationRelationship,,,2,1123
ComNet0002_SYS_Fag_00153,AssociationRelationship,,,2,1126
ComNet0002_SYS_Fag_00155,AssociationRelationship,,,2,1125
ComNet0002_SYS_Fag_00156,AssociationRelationship,,,2,1124
ComNet0002_SYS_Fag_00157,AssociationRelationship,,,2,1318
ComNet0002_SYS_Fag_00162,AssociationRelationship,,,2,1129
ComNet0002_SYS_Fag_00175,AssociationRelationship,,,2,1315
ComNet0002_SYS_Fag_00192,AssociationRelationship,,,2,1100
ComNet0002_SYS_Fag_00193,AssociationRelationship,,,2,1267
ComNet0002_SYS_Fag_00194,AssociationRelationship,,,2,1120
ComNet0002_SYS_Fag_00209,AssociationRelationship,,,2,1243
ComNet0002_SYS_Fag_00240,AssociationRelationship,,,2,1205
ComNet0002_SYS_Fag_00244,AssociationRelationship,,,2,1113
ComNet0002_SYS_Fag_00253,AssociationRelationship,,,2,1018
ComNet0002_SYS_Fag_00255,AssociationRelationship,,,2,1101
ComNet0002_SYS_Fag_00256,AssociationRelationship,,,2,1244
ComNet0002_SYS_Fag_00273,AssociationRelationship,,,2,1268
ComNet0002_SYS_Fag_00276,AssociationRelationship,,,2,1206
ComNet0002_SYS_Fag_00283,AssociationRelationship,,,2,1317
ComNet0002_SYS_Fag_00288,AssociationRelationship,,,2,1085
ComNet0002_SYS_Fag_00291,AssociationRelationship,,,2,1300
ComNet0002_SYS_Fag_00294,AssociationRelationship,,,2,1223
ComNet0002_SYS_Fag_00295,AssociationRelationship,,,2,1087
ComNet0002_SYS_Fag_00296,AssociationRelationship,,,2,1250
ComNet0002_SYS_Fag_00301,AssociationRelationship,,,2,1105
ComNet0002_SYS_Fag_00302,AssociationRelationship,,,2,1106
ComNet0002_SYS_Fag_00311,AssociationRelationship,,,2,1248
ComNet0002_SYS_Fag_00322,AssociationRelationship,,,2,1112
ComNet0002_SYS_Fag_00336,AssociationRelationship,,,2,1263
ComNet0002_SYS_Fag_00341,AssociationRelationship,,,2,1200
ComNet0002_SYS_Fag_00433,AssociationRelationship,,,2,1218
ComNet0002_SYS_Inf_00001,AssociationRelationship,,,2,1327
ComNet0002_SYS_Inf_00002,AssociationRelationship,,,2,1388
ComNet0002_SYS_Inf_00003,AssociationRelationship,,,2,1415
ComNet0002_SYS_Inf_00006,AssociationRelationship,,,2,1343
ComNet0002_SYS_Inf_00007,AssociationRelationship,,,2,1380
ComNet0002_SYS_Inf_00008,AssociationRelationship,,,2,1392
ComNet0002_SYS_Inf_00009,AssociationRelationship,,,2,1346
ComNet0002_SYS_Inf_00010,AssociationRelationship,,,2,1349
ComNet0002_SYS_Inf_00011,AssociationRelationship,,,2,1351
ComNet0002_SYS_Inf_00016,AssociationRelationship,,,2,1359
ComNet0002_SYS_Inf_00018,AssociationRelationship,,,2,1374
ComNet0002_SYS_Inf_00019,AssociationRelationship,,,2,1375
ComNet0002_SYS_Inf_00020,AssociationRelationship,,,2,1344
ComNet0002_SYS_Inf_00021,AssociationRelationship,,,2,1393
ComNet0002_SYS_Inf_00023,AssociationRelationship,,,2,1396
ComNet0002_SYS_Inf_00024,AssociationRelationship,,,2,1398
ComNet0002_SYS_Inf_00029,AssociationRelationship,,,2,1402
ComNet0002_SYS_Inf_00031,AssociationRelationship,,,2,1345
ComNet0002_SYS_Inf_00032,AssociationRelationship,,,2,1419
ComNet0002_SYS_Inf_00033,AssociationRelationship,,,2,1428
ComNet0002_SYS_Inf_00034,AssociationRelationship,,,2,1430
ComNet0002_SYS_Inf_00036,AssociationRelationship,,,2,1427
ComNet0002_SYS_Inf_00037,AssociationRelationship,,,2,1420
ComNet0002_SYS_Inf_00038,AssociationRelationship,,,2,1360
ComNet0002_SYS_Inf_00040,AssociationRelationship,,,2,1397
ComNet0002_SYS_Inf_00043,AssociationRelationship,,,2,1386
ComNet0002_SYS_Inf_00048,AssociationRelationship,,,2,1384
ComNet0002_SYS_Inf_00078,AssociationRelationship,,,2,1341
ComNet0002_SYS_Inf_00080,AssociationRelationship,,,2,1356
ComNet0002_SYS_Inf_00084,AssociationRelationship,,,2,1348
ComNet0002_SYS_Inf_00089,AssociationRelationship,,,2,1333
ComNet0002_SYS_Inf_00103,AssociationRelationship,,,2,1355
ComNet0002_SYS_Inf_00107,AssociationRelationship,,,2,1400
ComNet0002_SYS_Inf_00114,AssociationRelationship,,,2,1423
ComNet0002_SYS_Inf_00115,AssociationRelationship,,,2,1422
ComNet0002_SYS_Inf_00116,AssociationRelationship,,,2,1379
ComNet0002_SYS_Inf_00117,AssociationRelationship,,,2,1361
ComNet0002_SYS_Inf_00122,AssociationRelationship,,,2,1418
ComNet0002_SYS_Inf_00126,AssociationRelationship,,,2,1421
ComNet0002_SYS_Inf_00127,AssociationRelationship,,,2,1365
ComNet0002_SYS_Pro_00013,AssociationRelationship,,,2,1575
ComNet0002_SYS_Pro_00071,AssociationRelationship,,,2,1550
ComNet0002_SYS_Pro_00075,AssociationRelationship,,,2,1790
ComNet0002_SYS_Pro_00085,AssociationRelationship,,,2,1804
ComNet0002_SYS_Pro_00092,AssociationRelationship,,,2,1817
ComNet0002_SYS_Pro_00119,AssociationRelationship,,,2,1847
ComNet0002_SYS_Pro_00151,AssociationRelationship,,,2,1768
ComNet0002_SYS_Pro_00153,AssociationRelationship,,,2,1771
ComNet0002_SYS_Pro_00157,AssociationRelationship,,,2,1774
ComNet0002_SYS_Pro_00160,AssociationRelationship,,,2,1777
ComNet0002_SYS_Pro_00162,AssociationRelationship,,,2,1779
ComNet0002_SYS_Pro_00209,AssociationRelationship,,,2,1440
ComNet0002_SYS_Pro_00264,AssociationRelationship,,,2,1998
ComNet0002_SYS_Pro_00265,AssociationRelationship,,,2,2000
ComNet0002_SYS_Pro_00290,AssociationRelationship,,,2,1719
ComNet0002_SYS_Pro_00329,AssociationRelationship,,,2,1987
ComNet0002_SYS_Pro_00347,AssociationRelationship,,,2,1698
ComNet0002_SYS_Pro_00350,AssociationRelationship,,,2,1704
ComNet0002_SYS_Pro_00357,AssociationRelationship,,,2,1933
ComNet0002_SYS_Pro_00358,AssociationRelationship,,,2,1934
ComNet0002_SYS_Pro_00359,AssociationRelationship,,,2,1935
ComNet0002_SYS_Pro_00395,AssociationRelationship,,,2,1661
ComNet0002_SYS_Pro_00437,AssociationRelationship,,,2,1626
ComNet0002_SYS_Pro_00455,AssociationRelationship,,,2,1884
ComNet0002_SYS_Pro_00488,AssociationRelationship,,,2,1862
ComNet0002_SYS_Pro_00499,AssociationRelationship,,,2,1879
ComNet0002_SYS_Pro_00500,AssociationRelationship,,,2,1880
ComNet0002_SYS_Pro_00577,AssociationRelationship,,,2,1555
ComNet0002_SYS_Pro_00596,AssociationRelationship,,,2,1656
ComNet0002_SYS_Pro_00649,AssociationRelationship,,,2,1433
ComNet0002_SYS_Pro_00657,AssociationRelationship,,,2,1434
ComNet0002_SYS_Pro_00661,AssociationRelationship,,,2,1942
ComNet0002_SYS_Pro_00666,AssociationRelationship,,,2,1730
ComNet0002_SYS_Pro_00668,AssociationRelationship,,,2,1851
ComNet0002_SYS_Pro_00669,AssociationRelationship,,,2,1764
ComNet0002_SYS_Pro_00681,AssociationRelationship,,,2,1540
ComNet0002_SYS_Pro_00682,AssociationRelationship,,,2,1539
ComNet0002_SYS_Pro_00713,AssociationRelationship,,,2,1711
ComNet0002_SYS_Pro_00792,AssociationRelationship,,,2,1744
ComNet0003_SYS_Fag_00129,AssociationRelationship,,,3,1121
ComNet0003_SYS_Fag_00146,AssociationRelationship,,,3,1123
ComNet0003_SYS_Fag_00153,AssociationRelationship,,,3,1126
ComNet0003_SYS_Fag_00155,AssociationRelationship,,,3,1125
ComNet0003_SYS_Fag_00156,AssociationRelationship,,,3,1124
ComNet0003_SYS_Fag_00179,AssociationRelationship,,,3,1069
ComNet0003_SYS_Fag_00317,AssociationRelationship,,,3,1098
ComNet0003_SYS_Fag_00321,AssociationRelationship,,,3,1191
ComNet0003_SYS_Fag_00336,AssociationRelationship,,,3,1263
ComNet0003_SYS_Inf_00001,AssociationRelationship,,,3,1327
ComNet0003_SYS_Inf_00002,AssociationRelationship,,,3,1388
ComNet0003_SYS_Inf_00003,AssociationRelationship,,,3,1415
ComNet0003_SYS_Inf_00007,AssociationRelationship,,,3,1380
ComNet0003_SYS_Inf_00009,AssociationRelationship,,,3,1346
ComNet0003_SYS_Inf_00010,AssociationRelationship,,,3,1349
ComNet0003_SYS_Inf_00011,AssociationRelationship,,,3,1351
ComNet0003_SYS_Inf_00012,AssociationRelationship,,,3,1353
ComNet0003_SYS_Inf_00015,AssociationRelationship,,,3,1387
ComNet0003_SYS_Inf_00016,AssociationRelationship,,,3,1359
ComNet0003_SYS_Inf_00018,AssociationRelationship,,,3,1374
ComNet0003_SYS_Inf_00019,AssociationRelationship,,,3,1375
ComNet0003_SYS_Inf_00020,AssociationRelationship,,,3,1344
ComNet0003_SYS_Inf_00021,AssociationRelationship,,,3,1393
ComNet0003_SYS_Inf_00023,AssociationRelationship,,,3,1396
ComNet0003_SYS_Inf_00024,AssociationRelationship,,,3,1398
ComNet0003_SYS_Inf_00029,AssociationRelationship,,,3,1402
ComNet0003_SYS_Inf_00031,AssociationRelationship,,,3,1345
ComNet0003_SYS_Inf_00032,AssociationRelationship,,,3,1419
ComNet0003_SYS_Inf_00036,AssociationRelationship,,,3,1427
ComNet0003_SYS_Inf_00037,AssociationRelationship,,,3,1420
ComNet0003_SYS_Inf_00038,AssociationRelationship,,,3,1360
ComNet0003_SYS_Inf_00040,AssociationRelationship,,,3,1397
ComNet0003_SYS_Inf_00043,AssociationRelationship,,,3,1386
ComNet0003_SYS_Inf_00044,AssociationRelationship,,,3,1416
ComNet0003_SYS_Inf_00080,AssociationRelationship,,,3,1356
ComNet0003_SYS_Inf_00081,AssociationRelationship,,,3,1367
ComNet0003_SYS_Inf_00082,AssociationRelationship,,,3,1329
ComNet0003_SYS_Inf_00083,AssociationRelationship,,,3,1366
ComNet0003_SYS_Inf_00103,AssociationRelationship,,,3,1355
ComNet0003_SYS_Inf_00107,AssociationRelationship,,,3,1400
ComNet0003_SYS_Inf_00108,AssociationRelationship,,,3,1385
ComNet0003_SYS_Inf_00111,AssociationRelationship,,,3,1390
ComNet0003_SYS_Inf_00114,AssociationRelationship,,,3,1423
ComNet0003_SYS_Inf_00115,AssociationRelationship,,,3,1422
ComNet0003_SYS_Inf_00116,AssociationRelationship,,,3,1379
ComNet0003_SYS_Inf_00117,AssociationRelationship,,,3,1361
ComNet0003_SYS_Inf_00122,AssociationRelationship,,,3,1418
ComNet0003_SYS_Inf_00131,AssociationRelationship,,,3,1336
ComNet0003_SYS_Pro_00002,AssociationRelationship,,,3,1553
ComNet0003_SYS_Pro_00012,AssociationRelationship,,,3,1574
ComNet0003_SYS_Pro_00013,AssociationRelationship,,,3,1575
ComNet0003_SYS_Pro_00030,AssociationRelationship,,,3,1597
ComNet0003_SYS_Pro_00032,AssociationRelationship,,,3,1600
ComNet0003_SYS_Pro_00038,AssociationRelationship,,,3,1604
ComNet0003_SYS_Pro_00059,AssociationRelationship,,,3,1533
ComNet0003_SYS_Pro_00075,AssociationRelationship,,,3,1790
ComNet0003_SYS_Pro_00080,AssociationRelationship,,,3,1798
ComNet0003_SYS_Pro_00081,AssociationRelationship,,,3,1800
ComNet0003_SYS_Pro_00085,AssociationRelationship,,,3,1804
ComNet0003_SYS_Pro_00094,AssociationRelationship,,,3,1818
ComNet0003_SYS_Pro_00123,AssociationRelationship,,,3,1503
ComNet0003_SYS_Pro_00128,AssociationRelationship,,,3,1508
ComNet0003_SYS_Pro_00146,AssociationRelationship,,,3,1759
ComNet0003_SYS_Pro_00151,AssociationRelationship,,,3,1768
ComNet0003_SYS_Pro_00153,AssociationRelationship,,,3,1771
ComNet0003_SYS_Pro_00156,AssociationRelationship,,,3,1772
ComNet0003_SYS_Pro_00160,AssociationRelationship,,,3,1777
ComNet0003_SYS_Pro_00162,AssociationRelationship,,,3,1779
ComNet0003_SYS_Pro_00168,AssociationRelationship,,,3,1784
ComNet0003_SYS_Pro_00170,AssociationRelationship,,,3,1455
ComNet0003_SYS_Pro_00174,AssociationRelationship,,,3,1465
ComNet0003_SYS_Pro_00178,AssociationRelationship,,,3,1688
ComNet0003_SYS_Pro_00179,AssociationRelationship,,,3,1797
ComNet0003_SYS_Pro_00185,AssociationRelationship,,,3,1925
ComNet0003_SYS_Pro_00190,AssociationRelationship,,,3,2017
ComNet0003_SYS_Pro_00201,AssociationRelationship,,,3,2034
ComNet0003_SYS_Pro_00205,AssociationRelationship,,,3,1432
ComNet0003_SYS_Pro_00210,AssociationRelationship,,,3,1442
ComNet0003_SYS_Pro_00211,AssociationRelationship,,,3,1443
ComNet0003_SYS_Pro_00219,AssociationRelationship,,,3,1473
ComNet0003_SYS_Pro_00225,AssociationRelationship,,,3,1483
ComNet0003_SYS_Pro_00231,AssociationRelationship,,,3,1487
ComNet0003_SYS_Pro_00237,AssociationRelationship,,,3,1743
ComNet0003_SYS_Pro_00243,AssociationRelationship,,,3,1747
ComNet0003_SYS_Pro_00244,AssociationRelationship,,,3,1749
ComNet0003_SYS_Pro_00245,AssociationRelationship,,,3,1750
ComNet0003_SYS_Pro_00259,AssociationRelationship,,,3,1757
ComNet0003_SYS_Pro_00265,AssociationRelationship,,,3,2000
ComNet0003_SYS_Pro_00272,AssociationRelationship,,,3,1741
ComNet0003_SYS_Pro_00273,AssociationRelationship,,,3,1538
ComNet0003_SYS_Pro_00290,AssociationRelationship,,,3,1719
ComNet0003_SYS_Pro_00310,AssociationRelationship,,,3,1964
ComNet0003_SYS_Pro_00321,AssociationRelationship,,,3,1979
ComNet0003_SYS_Pro_00323,AssociationRelationship,,,3,1980
ComNet0003_SYS_Pro_00335,AssociationRelationship,,,3,1675
ComNet0003_SYS_Pro_00336,AssociationRelationship,,,3,1676
ComNet0003_SYS_Pro_00353,AssociationRelationship,,,3,1707
ComNet0003_SYS_Pro_00369,AssociationRelationship,,,3,1944
ComNet0003_SYS_Pro_00381,AssociationRelationship,,,3,1644
ComNet0003_SYS_Pro_00393,AssociationRelationship,,,3,1654
ComNet0003_SYS_Pro_00399,AssociationRelationship,,,3,1667
ComNet0003_SYS_Pro_00400,AssociationRelationship,,,3,1668
ComNet0003_SYS_Pro_00404,AssociationRelationship,,,3,1671
ComNet0003_SYS_Pro_00416,AssociationRelationship,,,3,1916
ComNet0003_SYS_Pro_00423,AssociationRelationship,,,3,1929
ComNet0003_SYS_Pro_00440,AssociationRelationship,,,3,1630
ComNet0003_SYS_Pro_00452,AssociationRelationship,,,3,1643
ComNet0003_SYS_Pro_00458,AssociationRelationship,,,3,1888
ComNet0003_SYS_Pro_00474,AssociationRelationship,,,3,1903
ComNet0003_SYS_Pro_00479,AssociationRelationship,,,3,1852
ComNet0003_SYS_Pro_00482,AssociationRelationship,,,3,1854
ComNet0003_SYS_Pro_00483,AssociationRelationship,,,3,1855
ComNet0003_SYS_Pro_00487,AssociationRelationship,,,3,1861
ComNet0003_SYS_Pro_00493,AssociationRelationship,,,3,1867
ComNet0003_SYS_Pro_00503,AssociationRelationship,,,3,1825
ComNet0003_SYS_Pro_00507,AssociationRelationship,,,3,1978
ComNet0003_SYS_Pro_00508,AssociationRelationship,,,3,1974
ComNet0003_SYS_Pro_00509,AssociationRelationship,,,3,1988
ComNet0003_SYS_Pro_00510,AssociationRelationship,,,3,1807
ComNet0003_SYS_Pro_00526,AssociationRelationship,,,3,1637
ComNet0003_SYS_Pro_00531,AssociationRelationship,,,3,1904
ComNet0003_SYS_Pro_00556,AssociationRelationship,,,3,1863
ComNet0003_SYS_Pro_00583,AssociationRelationship,,,3,1563
ComNet0003_SYS_Pro_00584,AssociationRelationship,,,3,1948
ComNet0003_SYS_Pro_00590,AssociationRelationship,,,3,1746
ComNet0003_SYS_Pro_00594,AssociationRelationship,,,3,1799
ComNet0003_SYS_Pro_00597,AssociationRelationship,,,3,1545
ComNet0003_SYS_Pro_00598,AssociationRelationship,,,3,1612
ComNet0003_SYS_Pro_00600,AssociationRelationship,,,3,1732
ComNet0003_SYS_Pro_00605,AssociationRelationship,,,3,1796
ComNet0003_SYS_Pro_00606,AssociationRelationship,,,3,1953
ComNet0003_SYS_Pro_00607,AssociationRelationship,,,3,1922
ComNet0003_SYS_Pro_00608,AssociationRelationship,,,3,1709
ComNet0003_SYS_Pro_00646,AssociationRelationship,,,3,1742
ComNet0003_SYS_Pro_00660,AssociationRelationship,,,3,1976
ComNet0003_SYS_Pro_00678,AssociationRelationship,,,3,1955
ComNet0003_SYS_Pro_00686,AssociationRelationship,,,3,1677
ComNet0003_SYS_Pro_00701,AssociationRelationship,,,3,1662
ComNet0003_SYS_Pro_00713,AssociationRelationship,,,3,1711
ComNet0003_SYS_Pro_00716,AssociationRelationship,,,3,1930
ComNet0003_SYS_Pro_00722,AssociationRelationship,,,3,1760
ComNet0003_SYS_Pro_00725,AssociationRelationship,,,3,1687
ComNet0003_SYS_Pro_00742,AssociationRelationship,,,3,1560
ComNet0003_SYS_Pro_00743,AssociationRelationship,,,3,1653
ComNet0003_SYS_Pro_00744,AssociationRelationship,,,3,1883
ComNet0003_SYS_Pro_00745,AssociationRelationship,,,3,1655
ComNet0003_SYS_Pro_00746,AssociationRelationship,,,3,1892
ComNet0003_SYS_Pro_00747,AssociationRelationship,,,3,1984
ComNet0003_SYS_Pro_00750,AssociationRelationship,,,3,1795
ComNet0003_SYS_Pro_00757,AssociationRelationship,,,3,1947
ComNet0003_SYS_Pro_00760,AssociationRelationship,,,3,1836
ComNet0003_SYS_Pro_00762,AssociationRelationship,,,3,1714
ComNet0003_SYS_Pro_00763,AssociationRelationship,,,3,1621
ComNet0003_SYS_Pro_00778,AssociationRelationship,,,3,1765
ComNet0003_SYS_Pro_00786,AssociationRelationship,,,3,1481
ComNet0003_SYS_Pro_00788,AssociationRelationship,,,3,1445
ComNet0003_SYS_Pro_00789,AssociationRelationship,,,3,1571
ComNet0003_SYS_Pro_00790,AssociationRelationship,,,3,1959
ComNet0003_SYS_Pro_00797,AssociationRelationship,,,3,1561
ComNet0003_SYS_Pro_00798,AssociationRelationship,,,3,1913
ComNet0003_SYS_Pro_00811,AssociationRelationship,,,3,1557
ComNet0003_SYS_Pro_00812,AssociationRelationship,,,3,1958
ComNet0003_SYS_Pro_00819,AssociationRelationship,,,3,1684
ComNet0003_SYS_Pro_00820,AssociationRelationship,,,3,1844
ComNet0003_SYS_Pro_00831,AssociationRelationship,,,3,1788
ComNet0003_SYS_Pro_00832,AssociationRelationship,,,3,1965
ComNet0003_SYS_Pro_00854,AssociationRelationship,,,3,1710
ComNet0004_SYS_Fag_00002,AssociationRelationship,,,4,1297
ComNet0004_SYS_Fag_00039,AssociationRelationship,,,4,1117
ComNet0004_SYS_Fag_00050,AssociationRelationship,,,4,1286
ComNet0004_SYS_Fag_00074,AssociationRelationship,,,4,1226
ComNet0004_SYS_Fag_00094,AssociationRelationship,,,4,1265
ComNet0004_SYS_Fag_00136,AssociationRelationship,,,4,1187
ComNet0004_SYS_Fag_00144,AssociationRelationship,,,4,1033
ComNet0004_SYS_Fag_00228,AssociationRelationship,,,4,1047
ComNet0004_SYS_Fag_00232,AssociationRelationship,,,4,1160
ComNet0004_SYS_Fag_00236,AssociationRelationship,,,4,1284
ComNet0004_SYS_Fag_00237,AssociationRelationship,,,4,1304
ComNet0004_SYS_Fag_00248,AssociationRelationship,,,4,1314
ComNet0004_SYS_Fag_00254,AssociationRelationship,,,4,1024
ComNet0004_SYS_Fag_00257,AssociationRelationship,,,4,1132
ComNet0004_SYS_Fag_00263,AssociationRelationship,,,4,1041
ComNet0004_SYS_Fag_00279,AssociationRelationship,,,4,1167
ComNet0004_SYS_Fag_00285,AssociationRelationship,,,4,1086
ComNet0004_SYS_Fag_00286,AssociationRelationship,,,4,1185
ComNet0004_SYS_Fag_00290,AssociationRelationship,,,4,1020
ComNet0004_SYS_Fag_00295,AssociationRelationship,,,4,1087
ComNet0004_SYS_Fag_00296,AssociationRelationship,,,4,1250
ComNet0004_SYS_Fag_00309,AssociationRelationship,,,4,1072
ComNet0004_SYS_Fag_00325,AssociationRelationship,,,4,1038
ComNet0004_SYS_Fag_00328,AssociationRelationship,,,4,1025
ComNet0004_SYS_Fag_00332,AssociationRelationship,,,4,1182
ComNet0004_SYS_Fag_00333,AssociationRelationship,,,4,1180
ComNet0004_SYS_Fag_00337,AssociationRelationship,,,4,1294
ComNet0004_SYS_Fag_00339,AssociationRelationship,,,4,1296
ComNet0004_SYS_Inf_00001,AssociationRelationship,,,4,1327
ComNet0004_SYS_Inf_00002,AssociationRelationship,,,4,1388
ComNet0004_SYS_Inf_00003,AssociationRelationship,,,4,1415
ComNet0004_SYS_Inf_00007,AssociationRelationship,,,4,1380
ComNet0004_SYS_Inf_00009,AssociationRelationship,,,4,1346
ComNet0004_SYS_Inf_00010,AssociationRelationship,,,4,1349
ComNet0004_SYS_Inf_00011,AssociationRelationship,,,4,1351
ComNet0004_SYS_Inf_00016,AssociationRelationship,,,4,1359
ComNet0004_SYS_Inf_00019,AssociationRelationship,,,4,1375
ComNet0004_SYS_Inf_00020,AssociationRelationship,,,4,1344
ComNet0004_SYS_Inf_00028,AssociationRelationship,,,4,1408
ComNet0004_SYS_Inf_00036,AssociationRelationship,,,4,1427
ComNet0004_SYS_Inf_00037,AssociationRelationship,,,4,1420
ComNet0004_SYS_Inf_00038,AssociationRelationship,,,4,1360
ComNet0004_SYS_Inf_00040,AssociationRelationship,,,4,1397
ComNet0004_SYS_Inf_00043,AssociationRelationship,,,4,1386
ComNet0004_SYS_Inf_00084,AssociationRelationship,,,4,1348
ComNet0004_SYS_Inf_00094,AssociationRelationship,,,4,1395
ComNet0004_SYS_Inf_00107,AssociationRelationship,,,4,1400
ComNet0004_SYS_Inf_00114,AssociationRelationship,,,4,1423
ComNet0004_SYS_Inf_00115,AssociationRelationship,,,4,1422
ComNet0004_SYS_Inf_00116,AssociationRelationship,,,4,1379
ComNet0004_SYS_Inf_00117,AssociationRelationship,,,4,1361
ComNet0004_SYS_Inf_00122,AssociationRelationship,,,4,1418
ComNet0004_SYS_Inf_00127,AssociationRelationship,,,4,1365
ComNet0004_SYS_Inf_00135,AssociationRelationship,,,4,1403
Constr0001_SYS_Fag_00002,AssociationRelationship,,,5,1297
Constr0001_SYS_Fag_00011,AssociationRelationship,,,5,1050
Constr0001_SYS_Fag_00012,AssociationRelationship,,,5,1049
Constr0001_SYS_Fag_00021,AssociationRelationship,,,5,1080
Constr0001_SYS_Fag_00022,AssociationRelationship,,,5,1081
Constr0001_SYS_Fag_00025,AssociationRelationship,,,5,1093
Constr0001_SYS_Fag_00035,AssociationRelationship,,,5,1111
Constr0001_SYS_Fag_00048,AssociationRelationship,,,5,1154
Constr0001_SYS_Fag_00049,AssociationRelationship,,,5,1155
Constr0001_SYS_Fag_00051,AssociationRelationship,,,5,1285
Constr0001_SYS_Fag_00052,AssociationRelationship,,,5,1168
Constr0001_SYS_Fag_00066,AssociationRelationship,,,5,1216
Constr0001_SYS_Fag_00080,AssociationRelationship,,,5,1236
Constr0001_SYS_Fag_00084,AssociationRelationship,,,5,1239
Constr0001_SYS_Fag_00086,AssociationRelationship,,,5,1247
Constr0001_SYS_Fag_00087,AssociationRelationship,,,5,1249
Constr0001_SYS_Fag_00088,AssociationRelationship,,,5,1251
Constr0001_SYS_Fag_00090,AssociationRelationship,,,5,1254
Constr0001_SYS_Fag_00097,AssociationRelationship,,,5,1266
Constr0001_SYS_Fag_00100,AssociationRelationship,,,5,1271
Constr0001_SYS_Fag_00105,AssociationRelationship,,,5,1305
Constr0001_SYS_Fag_00106,AssociationRelationship,,,5,1306
Constr0001_SYS_Fag_00111,AssociationRelationship,,,5,1316
Constr0001_SYS_Fag_00112,AssociationRelationship,,,5,1322
Constr0001_SYS_Fag_00114,AssociationRelationship,,,5,1324
Constr0001_SYS_Fag_00119,AssociationRelationship,,,5,1045
Constr0001_SYS_Fag_00130,AssociationRelationship,,,5,1281
Constr0001_SYS_Fag_00131,AssociationRelationship,,,5,1188
Constr0001_SYS_Fag_00140,AssociationRelationship,,,5,1046
Constr0001_SYS_Fag_00157,AssociationRelationship,,,5,1318
Constr0001_SYS_Fag_00158,AssociationRelationship,,,5,1252
Constr0001_SYS_Fag_00159,AssociationRelationship,,,5,1034
Constr0001_SYS_Fag_00161,AssociationRelationship,,,5,1067
Constr0001_SYS_Fag_00162,AssociationRelationship,,,5,1129
Constr0001_SYS_Fag_00170,AssociationRelationship,,,5,1169
Constr0001_SYS_Fag_00174,AssociationRelationship,,,5,1219
Constr0001_SYS_Fag_00175,AssociationRelationship,,,5,1315
Constr0001_SYS_Fag_00223,AssociationRelationship,,,5,1157
Constr0001_SYS_Fag_00224,AssociationRelationship,,,5,1196
Constr0001_SYS_Fag_00225,AssociationRelationship,,,5,1048
Constr0001_SYS_Fag_00265,AssociationRelationship,,,5,1065
Constr0001_SYS_Fag_00270,AssociationRelationship,,,5,1257
Constr0001_SYS_Fag_00275,AssociationRelationship,,,5,1082
Constr0001_SYS_Fag_00276,AssociationRelationship,,,5,1206
Constr0001_SYS_Fag_00283,AssociationRelationship,,,5,1317
Constr0001_SYS_Fag_00290,AssociationRelationship,,,5,1020
Constr0001_SYS_Fag_00292,AssociationRelationship,,,5,1170
Constr0001_SYS_Fag_00293,AssociationRelationship,,,5,1207
Constr0001_SYS_Fag_00296,AssociationRelationship,,,5,1250
Constr0001_SYS_Fag_00297,AssociationRelationship,,,5,1161
Constr0001_SYS_Fag_00299,AssociationRelationship,,,5,1094
Constr0001_SYS_Fag_00300,AssociationRelationship,,,5,1145
Constr0001_SYS_Fag_00304,AssociationRelationship,,,5,1213
Constr0001_SYS_Fag_00305,AssociationRelationship,,,5,1183
Constr0001_SYS_Fag_00308,AssociationRelationship,,,5,1258
Constr0001_SYS_Fag_00310,AssociationRelationship,,,5,1290
Constr0001_SYS_Fag_00311,AssociationRelationship,,,5,1248
Constr0001_SYS_Fag_00314,AssociationRelationship,,,5,1162
Constr0001_SYS_Fag_00315,AssociationRelationship,,,5,1044
Constr0001_SYS_Fag_00317,AssociationRelationship,,,5,1098
Constr0001_SYS_Fag_00322,AssociationRelationship,,,5,1112
Constr0001_SYS_Fag_00325,AssociationRelationship,,,5,1038
Constr0001_SYS_Fag_00329,AssociationRelationship,,,5,1184
Constr0001_SYS_Fag_00330,AssociationRelationship,,,5,1320
Constr0001_SYS_Fag_00331,AssociationRelationship,,,5,1253
Constr0001_SYS_Fag_00336,AssociationRelationship,,,5,1263
Constr0001_SYS_Fag_00337,AssociationRelationship,,,5,1294
Constr0001_SYS_Inf_00001,AssociationRelationship,,,5,1327
Constr0001_SYS_Inf_00003,AssociationRelationship,,,5,1415
Constr0001_SYS_Inf_00005,AssociationRelationship,,,5,1401
Constr0001_SYS_Inf_00006,AssociationRelationship,,,5,1343
Constr0001_SYS_Inf_00007,AssociationRelationship,,,5,1380
Constr0001_SYS_Inf_00008,AssociationRelationship,,,5,1392
Constr0001_SYS_Inf_00009,AssociationRelationship,,,5,1346
Constr0001_SYS_Inf_00013,AssociationRelationship,,,5,1354
Constr0001_SYS_Inf_00014,AssociationRelationship,,,5,1358
Constr0001_SYS_Inf_00015,AssociationRelationship,,,5,1387
Constr0001_SYS_Inf_00018,AssociationRelationship,,,5,1374
Constr0001_SYS_Inf_00019,AssociationRelationship,,,5,1375
Constr0001_SYS_Inf_00020,AssociationRelationship,,,5,1344
Constr0001_SYS_Inf_00021,AssociationRelationship,,,5,1393
Constr0001_SYS_Inf_00022,AssociationRelationship,,,5,1394
Constr0001_SYS_Inf_00023,AssociationRelationship,,,5,1396
Constr0001_SYS_Inf_00024,AssociationRelationship,,,5,1398
Constr0001_SYS_Inf_00027,AssociationRelationship,,,5,1334
Constr0001_SYS_Inf_00028,AssociationRelationship,,,5,1408
Constr0001_SYS_Inf_00029,AssociationRelationship,,,5,1402
Constr0001_SYS_Inf_00031,AssociationRelationship,,,5,1345
Constr0001_SYS_Inf_00032,AssociationRelationship,,,5,1419
Constr0001_SYS_Inf_00033,AssociationRelationship,,,5,1428
Constr0001_SYS_Inf_00037,AssociationRelationship,,,5,1420
Constr0001_SYS_Inf_00038,AssociationRelationship,,,5,1360
Constr0001_SYS_Inf_00039,AssociationRelationship,,,5,1338
Constr0001_SYS_Inf_00041,AssociationRelationship,,,5,1350
Constr0001_SYS_Inf_00043,AssociationRelationship,,,5,1386
Constr0001_SYS_Inf_00044,AssociationRelationship,,,5,1416
Constr0001_SYS_Inf_00045,AssociationRelationship,,,5,1410
Constr0001_SYS_Inf_00048,AssociationRelationship,,,5,1384
Constr0001_SYS_Inf_00049,AssociationRelationship,,,5,1342
Constr0001_SYS_Inf_00061,AssociationRelationship,,,5,1368
Constr0001_SYS_Inf_00062,AssociationRelationship,,,5,1347
Constr0001_SYS_Inf_00063,AssociationRelationship,,,5,1376
Constr0001_SYS_Inf_00064,AssociationRelationship,,,5,1339
Constr0001_SYS_Inf_00065,AssociationRelationship,,,5,1340
Constr0001_SYS_Inf_00066,AssociationRelationship,,,5,1425
Constr0001_SYS_Inf_00067,AssociationRelationship,,,5,1426
Constr0001_SYS_Inf_00068,AssociationRelationship,,,5,1372
Constr0001_SYS_Inf_00069,AssociationRelationship,,,5,1383
Constr0001_SYS_Inf_00070,AssociationRelationship,,,5,1407
Constr0001_SYS_Inf_00071,AssociationRelationship,,,5,1362
Constr0001_SYS_Inf_00072,AssociationRelationship,,,5,1337
Constr0001_SYS_Inf_00073,AssociationRelationship,,,5,1399
Constr0001_SYS_Inf_00078,AssociationRelationship,,,5,1341
Constr0001_SYS_Inf_00080,AssociationRelationship,,,5,1356
Constr0001_SYS_Inf_00082,AssociationRelationship,,,5,1329
Constr0001_SYS_Inf_00083,AssociationRelationship,,,5,1366
Constr0001_SYS_Inf_00085,AssociationRelationship,,,5,1378
Constr0001_SYS_Inf_00088,AssociationRelationship,,,5,1381
Constr0001_SYS_Inf_00090,AssociationRelationship,,,5,1331
Constr0001_SYS_Inf_00094,AssociationRelationship,,,5,1395
Constr0001_SYS_Inf_00095,AssociationRelationship,,,5,1364
Constr0001_SYS_Inf_00096,AssociationRelationship,,,5,1382
Constr0001_SYS_Inf_00097,AssociationRelationship,,,5,1391
Constr0001_SYS_Inf_00099,AssociationRelationship,,,5,1413
Constr0001_SYS_Inf_00102,AssociationRelationship,,,5,1405
Constr0001_SYS_Inf_00103,AssociationRelationship,,,5,1355
Constr0001_SYS_Inf_00105,AssociationRelationship,,,5,1369
Constr0001_SYS_Inf_00106,AssociationRelationship,,,5,1370
Constr0001_SYS_Inf_00107,AssociationRelationship,,,5,1400
Constr0001_SYS_Inf_00108,AssociationRelationship,,,5,1385
Constr0001_SYS_Inf_00109,AssociationRelationship,,,5,1429
Constr0001_SYS_Inf_00110,AssociationRelationship,,,5,1377
Constr0001_SYS_Inf_00111,AssociationRelationship,,,5,1390
Constr0001_SYS_Inf_00112,AssociationRelationship,,,5,1373
Constr0001_SYS_Inf_00113,AssociationRelationship,,,5,1414
Constr0001_SYS_Inf_00114,AssociationRelationship,,,5,1423
Constr0001_SYS_Inf_00115,AssociationRelationship,,,5,1422
Constr0001_SYS_Inf_00117,AssociationRelationship,,,5,1361
Constr0001_SYS_Inf_00119,AssociationRelationship,,,5,1335
Constr0001_SYS_Inf_00122,AssociationRelationship,,,5,1418
Constr0001_SYS_Inf_00126,AssociationRelationship,,,5,1421
Constr0001_SYS_Inf_00127,AssociationRelationship,,,5,1365
Constr0001_SYS_Inf_00128,AssociationRelationship,,,5,1328
Constr0001_SYS_Inf_00129,AssociationRelationship,,,5,1406
Constr0001_SYS_Inf_00131,AssociationRelationship,,,5,1336
Constr0002_SYS_Fag_00011,AssociationRelationship,,,6,1050
Constr0002_SYS_Fag_00012,AssociationRelationship,,,6,1049
Constr0002_SYS_Fag_00035,AssociationRelationship,,,6,1111
Constr0002_SYS_Fag_00048,AssociationRelationship,,,6,1154
Constr0002_SYS_Fag_00049,AssociationRelationship,,,6,1155
Constr0002_SYS_Fag_00080,AssociationRelationship,,,6,1236
Constr0002_SYS_Fag_00084,AssociationRelationship,,,6,1239
Constr0002_SYS_Fag_00086,AssociationRelationship,,,6,1247
Constr0002_SYS_Fag_00087,AssociationRelationship,,,6,1249
Constr0002_SYS_Fag_00097,AssociationRelationship,,,6,1266
Constr0002_SYS_Fag_00100,AssociationRelationship,,,6,1271
Constr0002_SYS_Fag_00111,AssociationRelationship,,,6,1316
Constr0002_SYS_Fag_00119,AssociationRelationship,,,6,1045
Constr0002_SYS_Fag_00131,AssociationRelationship,,,6,1188
Constr0002_SYS_Fag_00140,AssociationRelationship,,,6,1046
Constr0002_SYS_Fag_00157,AssociationRelationship,,,6,1318
Constr0002_SYS_Fag_00162,AssociationRelationship,,,6,1129
Constr0002_SYS_Fag_00275,AssociationRelationship,,,6,1082
Constr0002_SYS_Fag_00276,AssociationRelationship,,,6,1206
Constr0002_SYS_Fag_00297,AssociationRelationship,,,6,1161
Constr0002_SYS_Fag_00311,AssociationRelationship,,,6,1248
Constr0002_SYS_Fag_00314,AssociationRelationship,,,6,1162
Constr0002_SYS_Fag_00320,AssociationRelationship,,,6,1177
Constr0002_SYS_Fag_00322,AssociationRelationship,,,6,1112
Constr0002_SYS_Fag_00325,AssociationRelationship,,,6,1038
Constr0002_SYS_Fag_00337,AssociationRelationship,,,6,1294
Constr0002_SYS_Inf_00007,AssociationRelationship,,,6,1380
Constr0002_SYS_Inf_00008,AssociationRelationship,,,6,1392
Constr0002_SYS_Inf_00014,AssociationRelationship,,,6,1358
